fund_id,slug,name,former_name,link,doc_count,factsheets,annual_reports
8906,aim-freedom-fixed-income-trust,AIM Freedom Fixed Income Trust,,https://annualreportsghana.com/cis/aim-freedom-fixed-income-trust/,4,0,1
5122,algebra-income-trust,Algebra Income Trust,,https://annualreportsghana.com/cis/algebra-income-trust/,7,0,5
8882,anidaso-mutual-fund,Anidaso Mutual Fund,,https://annualreportsghana.com/cis/anidaso-mutual-fund/,11,0,9
5941,bora-balanced-unit-trust,Bora Balanced Unit Trust,,https://annualreportsghana.com/cis/bora-balanced-unit-trust/,5,0,3
5939,bora-fixed-income-unit-trust,Bora Fixed Income Unit Trust,,https://annualreportsghana.com/cis/bora-fixed-income-unit-trust/,4,0,2
7602,bora-global-balanced-trust,Bora Global Balanced Trust,,https://annualreportsghana.com/cis/bora-global-balanced-trust/,2,0,0
6978,brassica-alpha-fund,Brassica Alpha Fund,,https://annualreportsghana.com/cis/brassica-alpha-fund/,2,0,0
5958,cal-advantage-unit-trust,CAL Advantage Balanced Unit Trust,,https://annualreportsghana.com/cis/cal-advantage-unit-trust/,5,0,3
5960,cal-benefit-unit-trust,CAL Benefit Fixed Income Unit Trust,,https://annualreportsghana.com/cis/cal-benefit-unit-trust/,4,0,3
1382,christian-community-mutual-fund,Christian Community Mutual Fund,,https://annualreportsghana.com/cis/christian-community-mutual-fund/,18,2,14
4156,cm-fund-formerly-campus-mutual-fund,CM Fund,campus mutual fund,https://annualreportsghana.com/cis/cm-fund-formerly-campus-mutual-fund/,21,0,19
2089,dalex-vision-fund,Dalex Vision Fund,,https://annualreportsghana.com/cis/dalex-vision-fund/,10,0,8
452,databank-ark-fund,Databank Ark Fund,,https://annualreportsghana.com/cis/databank-ark-fund/,26,1,17
434,databank-balanced-fund,Databank Balanced Fund,,https://annualreportsghana.com/cis/databank-balanced-fund/,27,1,18
401,databank-educational-investment-fund,Databank Educational Investment Fund,,https://annualreportsghana.com/cis/databank-educational-investment-fund/,20,1,11
414,databank-epack-investment-fund,Databank Epack Investment Fund,,https://annualreportsghana.com/cis/databank-epack-investment-fund/,31,1,22
468,databank-mfund-formerly-databank-money-market-fund,Databank MFund,databank money market fund,https://annualreportsghana.com/cis/databank-mfund-formerly-databank-money-market-fund/,31,1,23
7311,delta-fund,Delta Fund,,https://annualreportsghana.com/cis/delta-fund/,7,0,4
5946,ecocapital-prime-fund,EcoCapital Prime Fund,,https://annualreportsghana.com/cis/ecocapital-prime-fund/,6,2,2
6698,edc-ghana-africa-cash-trust,EDC Ghana Africa Cash Trust,,https://annualreportsghana.com/cis/edc-ghana-africa-cash-trust/,4,2,1
950,edc-ghana-balanced-fund-formerly-ifund-mutual-fund,EDC Ghana Balanced Fund,ifund mutual fund,https://annualreportsghana.com/cis/edc-ghana-balanced-fund-formerly-ifund-mutual-fund/,42,22,16
968,edc-ghana-fixed-income-unit-trust,EDC Ghana Fixed Income Unit Trust,,https://annualreportsghana.com/cis/edc-ghana-fixed-income-unit-trust/,37,19,13
6700,edc-ghana-growth-trust,EDC Ghana Growth Trust,,https://annualreportsghana.com/cis/edc-ghana-growth-trust/,4,2,1
983,edc-ghana-money-market-unit-trust,EDC Ghana Money Market Unit Trust,,https://annualreportsghana.com/cis/edc-ghana-money-market-unit-trust/,31,18,9
6185,edc-retirement-fund,EDC Retirement Fund,,https://annualreportsghana.com/cis/edc-retirement-fund/,11,5,4
2095,elite-mutual-fund,Elite Mutual Fund,,https://annualreportsghana.com/cis/elite-mutual-fund/,7,0,5
5796,enhanced-equity-beta,Enhanced Equity Beta,,https://annualreportsghana.com/cis/enhanced-equity-beta/,8,1,5
2099,fidelity-balanced-trust,Fidelity Balanced Trust,,https://annualreportsghana.com/cis/fidelity-balanced-trust/,12,1,6
2101,fidelity-fixed-income-trust,Fidelity Fixed Income Trust,,https://annualreportsghana.com/cis/fidelity-fixed-income-trust/,14,1,6
5932,fidelity-money-market-trust,Fidelity Money Market Trust,,https://annualreportsghana.com/cis/fidelity-money-market-trust/,5,0,4
2097,financial-independence-mutual-fund,Financial Independence Mutual Fund,,https://annualreportsghana.com/cis/financial-independence-mutual-fund/,6,0,5
5617,first-atlantic-income-fund,First Atlantic Income Fund,,https://annualreportsghana.com/cis/first-atlantic-income-fund/,6,1,3
7403,first-atlantic-personal-investment-plan,First Atlantic Personal Investment Plan,,https://annualreportsghana.com/cis/first-atlantic-personal-investment-plan/,5,1,2
873,first-fund,First Fund,,https://annualreportsghana.com/cis/first-fund/,16,0,14
1805,fixed-income-alpha-plus-fund,Fixed Income Alpha Plus Fund,,https://annualreportsghana.com/cis/fixed-income-alpha-plus-fund/,9,1,6
7519,glico-fixed-income-fund,GLICO Fixed Income Fund,,https://annualreportsghana.com/cis/glico-fixed-income-fund/,5,1,2
8981,gold-fund-unit-trust,Gold Fund Unit Trust,,https://annualreportsghana.com/cis/gold-fund-unit-trust/,10,0,9
8992,gold-money-market-fund,Gold Money Market Fund,,https://annualreportsghana.com/cis/gold-money-market-fund/,4,0,2
7099,golden-eagle-unit-trust,Golden Eagle Unit Trust,,https://annualreportsghana.com/cis/golden-eagle-unit-trust/,3,0,1
883,heritage-fund,Heritage Fund,,https://annualreportsghana.com/cis/heritage-fund/,14,0,12
5665,ic-liquidity-fund,IC Liquidity Fund,,https://annualreportsghana.com/cis/ic-liquidity-fund/,10,4,1
5558,investcorp-active-equity-fund,InvestCorp Active Equity Fund,,https://annualreportsghana.com/cis/investcorp-active-equity-fund/,11,0,0
5572,investcorp-mid-tier-financial-services-investment-fund,InvestCorp Mid-Tier Financial Services Investment Fund,,https://annualreportsghana.com/cis/investcorp-mid-tier-financial-services-investment-fund/,19,0,0
5565,investcorp-money-market-fund,InvestCorp Money Market Fund,,https://annualreportsghana.com/cis/investcorp-money-market-fund/,10,0,0
5336,investcorp-treasury-securities-fund,InvestCorp Treasury Securities Fund,,https://annualreportsghana.com/cis/investcorp-treasury-securities-fund/,13,1,1
975,kiddifund-mutual-fund,Tesah Future Fund,,https://annualreportsghana.com/cis/kiddifund-mutual-fund/,17,0,9
5082,nimed-fixed-income-fund,NIMED Fixed Income Fund,,https://annualreportsghana.com/cis/nimed-fixed-income-fund/,4,3,0
4975,nimed-lifetime-unit-trust,NIMED Lifetime Unit Trust,,https://annualreportsghana.com/cis/nimed-lifetime-unit-trust/,2,0,0
9021,nthc-horizon-fund,NTHC Horizon Fund,,https://annualreportsghana.com/cis/nthc-horizon-fund/,21,0,19
1013,omega-equity-fund,Omega Equity Fund,,https://annualreportsghana.com/cis/omega-equity-fund/,9,0,5
1006,omega-income-fund,Omega Income Fund,,https://annualreportsghana.com/cis/omega-income-fund/,9,0,5
7391,pinnacle-balanced-fund-previously-octanedc-bond-fund,Pinnacle Balanced Fund (previously OctaneDC Bond Fund),octanedc bond fund,https://annualreportsghana.com/cis/pinnacle-balanced-fund-previously-octanedc-bond-fund/,3,0,3
8474,platinum-debt-income-fund,Platinum Debt Income Fund,,https://annualreportsghana.com/cis/platinum-debt-income-fund/,3,0,1
1807,plus-balanced-fund,Plus Balanced Fund,,https://annualreportsghana.com/cis/plus-balanced-fund/,8,0,6
1809,plus-income-fund,Plus Income Fund,,https://annualreportsghana.com/cis/plus-income-fund/,9,0,6
7600,rangoon-reit,Rangoon REIT,,https://annualreportsghana.com/cis/rangoon-reit/,2,0,0
893,republic-equity-trust-formerly-hfc-equity-trust,Republic Equity Trust,hfc equity trust,https://annualreportsghana.com/cis/republic-equity-trust-formerly-hfc-equity-trust/,20,0,19
907,republic-future-plan-trust-formerly-hfc-future-plan-trust,Republic Future Plan Trust,hfc future plan trust,https://annualreportsghana.com/cis/republic-future-plan-trust-formerly-hfc-future-plan-trust/,16,0,15
919,republic-reit-formerly-hfc-reit,Republic REIT,hfc reit,https://annualreportsghana.com/cis/republic-reit-formerly-hfc-reit/,19,0,19
935,republic-unit-trust-formerly-hfc-unit-trust,Republic Unit Trust,hfc unit trust,https://annualreportsghana.com/cis/republic-unit-trust-formerly-hfc-unit-trust/,24,0,19
5620,republic-wealth-trust,Republic Wealth Trust,,https://annualreportsghana.com/cis/republic-wealth-trust/,5,0,4
989,sas-fortune-fund,SAS Fortune Fund,,https://annualreportsghana.com/cis/sas-fortune-fund/,21,0,20
4713,sas-midas-fund,SAS Midas Fund,,https://annualreportsghana.com/cis/sas-midas-fund/,7,0,6
9102,sem-income-fund,SEM Income Fund,,https://annualreportsghana.com/cis/sem-income-fund/,8,0,6
9112,sem-money-plus-fund,SEM Money Plus Fund,,https://annualreportsghana.com/cis/sem-money-plus-fund/,7,0,6
5613,sentinel-africa-eurobond-trust,Sentinel Africa Eurobond Trust,,https://annualreportsghana.com/cis/sentinel-africa-eurobond-trust/,13,8,0
6358,sentinel-commercial-real-estate-investment-trust,Sentinel Commercial Real Estate Investment Trust,,https://annualreportsghana.com/cis/sentinel-commercial-real-estate-investment-trust/,3,0,0
5615,sentinel-ghana-fixed-income-trust,Sentinel Ghana Fixed Income Trust,,https://annualreportsghana.com/cis/sentinel-ghana-fixed-income-trust/,10,9,0
561,stanlib-cash-trust-formerly-stanbic-cash-trust,Stanbic Cash Trust,stanbic cash trust,https://annualreportsghana.com/cis/stanlib-cash-trust-formerly-stanbic-cash-trust/,47,32,13
586,stanlib-income-fund-trust-formerly-stanbic-income-fund-trust,Stanbic Income Fund Trust,stanbic income fund trust,https://annualreportsghana.com/cis/stanlib-income-fund-trust-formerly-stanbic-income-fund-trust/,50,33,15
5466,tesah-treasury-trust,Tesah Treasury Trust,,https://annualreportsghana.com/cis/tesah-treasury-trust/,10,1,1
4961,umb-balanced-fund,UMB Balanced Fund,,https://annualreportsghana.com/cis/umb-balanced-fund/,9,0,6
