advisory,broker,collective,custody,discretionary,domain,equities,fixed_income,pages
advisory services,Amber Securities,,,,amber.com.gh,Equities trading We serve some of the major institutional investors covering frontier and emergi,Fixed income trading We serve some of the major institutional investors covering frontier an,4
,Blackstar Brokerage,Mutual Fund MONEY MARKET Plus Income Fund View All EQUITY Global Multi Sector Index Ghana E,,Asset Management Global Markets Analytics Developer Company Login Get Started FIXED INCOME Fixed,blackstargroup.ai,,FIXED INCOME Fixed Income Alpha Fund Delta Fund BALANCED INCOME Plus Balanced Fund EQUITY En,4
,Bullion Securities,,,,bullionholding.com,,,0
,Cdh Securities,,,,cdhgroup.com,,,0
,Chapelhill Denham Securities,,,,chapelhilldenham.com,,,1
,Constant Capital,,,,www.constantcap.com.gh,,,1
,Databank Brokerage,,,,www.databankgroup.com,,,0
,Edc Stockbrokers,,,,ecobank.com,,,1
"advisory services, and personalized planning to help you achieve your financial goals",Fincap Securities,,,"investment management services to a wide range of client"",""businesLocale"":""en-gh"",""businesLogo"":""http",www.fincaps.net,,,2
Corporate Finance Financial Advisory Trade Finance Advisory Securities Trading Market Data Expand,First Atlantic Brokerage,,,"investment management, and wealth advisory",fabbrokers.com.gh,"Equities Trading: We provide access to global equity markets, enabling clients to trade stocks a",Treasury Bills Investment Calculator Downloads Center Contact First Atlantic Brokers Limited T,8
,Firstbanc Brokerage,,,,firstbancgroup.com,,,0
,Ic Securities,Mutual Fund Stocks Fixed Income Help Centre Report an Issue Login Register Get the App Mutu,,Investment management services provided by IC Asset Managers (Ghana) LTD,wealth.ic.africa,,Fixed Income Help Centre Report an Issue Login Register Get the App Mutual Fund Stocks Fixed,7
Corporate Finance and Advisory Services News and Insights View All Insights Ghana Inflation Updat,Laurus Securities,,,,laurusafrica.com,Equity Trading Currency Trading Investment Research Corporate Finance and Advisory Services Ne,Fixed Income Trading Equity Trading Currency Trading Investment Research Corporate Finance a,5
,Merban Stockbrokers,,,,umbstockbrokers.com,,,0
,Nthc Securities,,,,securities.nthc.com.gh,,,1
,Petra Securities,,,,petrasecurities.com,,,0
"Corporate Finance and Research, and Securities Trading",Republic Securities,UNIT TRUST 1,,"Portfolio Management, Investment Banking, Corporate Finance and Research, and Securities Trading",republicinvestmentsgh.com,listed equities on the Ghana Stock Exchange (GSE) and money market instruments,"Fixed Income Fund, the Republic Wealth Trust",4
,Sarpong Capital Markets,,,,www.sarpongcapital.com,,,0
"advisory services""> Advisory Services We provide expert guidance to institutions, financial inves",SBG Securities,,,Investment Management Services (SIMS) and was incorporated on April 2007 and obtained its Broker-Deal,www.sbgsecurities.com.gh,,Fixed Income Market (GFIM) and the Ghana Alternative Market (GAX),10
CORPORATE FINANCE TEAM NEWS We shape tomorrow by making investments that work today Shaping tomor,Serengeti Capital Markets,,,ASSET MANAGEMENT BROKERAGE INVESTMENTS CORPORATE FINANCE TEAM NEWS We shape tomorrow by making i,serengeticapital.com,,fixed-income trading,4
advisory services,Sic Brokerage,,,,sicbrokerage.com,,Treasury Bills Exchange Rates Stock Indicators GSE Trading Results Research Daily Equity Marke,2
advisory services tailored to your goals,Strategic African Securities,Mutual Fund SAS Midas fund SAS Fortune fund Fixed Income Treasury Bills Government Bonds Co,custody services ensuring secure transaction completion,investment management and wealth advisory services tailored to your goals,www.sasghana.com,Equity Trading Direct access to the Ghana Stock Exchange with research-backed insights and pro,Fixed Income Treasury Bills Government Bonds Corporate Bonds Eurobonds Learn more → Equities,9
Corporate Finance Advisory Research And Analysis Market Data Treasury Bills Trading Indicators Co,Teak Tree Brokerage,,,Portfolio Management and Optimization: Navigating the ever-changing financial markets can be dauntin,ttbghana.com,Buy and sell shares with expert guidance,Treasury Bills And Bond Trading Corporate Finance Advisory Research And Analysis Market Data T,14
,Umb Stockbrokers,,,,umbstockbrokers.com,,,0
