provider,site,status,best_price_url,has_prices,has_yield,dates_on_page,pdf_links,wb_snapshots,wb_distinct,wb_first,wb_last,wb_note,error,MANUAL_cadence,MANUAL_history_available,MANUAL_fee_disclosed,MANUAL_minimum_disclosed,MANUAL_format,MANUAL_verdict
10th Capital Investments Limited,https://10thcapital.investments,200,,False,False,,0,0,0,,,,,,,,,,
Africa Trust Capital Limited,https://africatrustcapital.com,0,,False,False,,0,0,0,,,,__ERROR__ URLError: <urlopen error [Errno 11001] getaddrinfo failed> (domain does not resolve — the URL in PROVIDERS is ,,,,,,
Algebra Capital Management Limited,https://algebracapital.com.gh,0,,False,False,,0,0,0,,,,__ERROR__ URLError: <urlopen error [Errno 11001] getaddrinfo failed> (domain does not resolve — the URL in PROVIDERS is ,,,,,,
Aligned Investment Management LTD,https://www.alignedim.com,200,,False,False,,0,0,0,,,,,,,,,,
Altasset Investment Managers LTD,https://salemestate.com,200,,False,False,,0,0,0,,,,,,,,,,
Ashfield Investment Managers LTD,https://ashfieldinvest.com,200,,False,False,,0,0,0,,,,,,,,,,
Avant Capital Limited,https://eccapitalpartners.com.gh,0,,False,False,,0,0,0,,,,__ERROR__ URLError: <urlopen error [Errno 11001] getaddrinfo failed> (domain does not resolve — the URL in PROVIDERS is ,,,,,,
Black Star Advisors Limited,https://blackstaradvisors.com,200,https://blackstaradvisors.com/funds/fiap,True,True,01-01-2020; 01-01-2021; 01-01-2022; 01-02-2020,0,0,0,,,,,,,,,,
Blaze Financial Services Ltd,http://www.blazefinancialservices.com.gh/,0,,False,False,,0,0,0,,,,__ERROR__ URLError: <urlopen error [Errno 11001] getaddrinfo failed> (domain does not resolve — the URL in PROVIDERS is ,,,,,,
Bora Capital Advisors LTD,https://boradvisors.com,200,https://boradvisors.com/unit-trust/,True,True,,0,0,0,,,,,,,,,,
Brassica Capital Limited Company,https://www.brassicagroup.com/brassica-capital/home,200,,False,False,,0,0,0,,,,,,,,,,
CAL Asset Management Company LTD,https://calassetmanagement.net,301,,False,False,,0,0,0,,,,__ERROR__ HTTP 301,,,,,,
Capstone Capital Limited,https://capstoneghana.com,200,,False,False,,0,0,0,,,,,,,,,,
Cardinalstone Capital Advisers (Ghana) LTD,https://cardinalstonepe.com/,200,,False,False,,0,0,0,,,,,,,,,,
Chapel Hill Denham Management Ghana Limited,https://chapelhilldenham.com,200,,False,False,,0,0,0,,,,,,,,,,
CIDAN Investments Limited,https://cidaninvestments.com,200,,False,False,,0,0,0,,,,,,,,,,
Cititrust Capital Ltd,https://cititrustcapitalgh.com,200,,False,False,,0,0,0,,,,,,,,,,
Continental Capital limited,https://continentalcapitalghana.com,0,,False,False,,0,0,0,,,,__ERROR__ URLError: <urlopen error [Errno 11001] getaddrinfo failed> (domain does not resolve — the URL in PROVIDERS is ,,,,,,
Cornerstone Capital Advisors Limited,https://cscapital-group.com,200,,False,False,,0,0,0,,,,,,,,,,
Crystal Capital &amp; Investments Limited,https://crystalcapitalgh.com,0,,False,False,,0,0,0,,,,__ERROR__ URLError: <urlopen error [Errno 11002] getaddrinfo failed> (domain does not resolve — the URL in PROVIDERS is ,,,,,,
Databank Asset Management Services LTD,https://databankgroup.com,200,,False,False,,1,0,0,,,,,,,,,,
Delta Capital Ltd,https://deltacapitalghana.com,500,,False,False,,0,0,0,,,,__ERROR__ HTTP 500,,,,,,
Dusk Capital Limited,https://duskcapitalghana.com,0,,False,False,,0,0,0,,,,__ERROR__ URLError: <urlopen error [Errno 11001] getaddrinfo failed> (domain does not resolve — the URL in PROVIDERS is ,,,,,,
Ecobank Investment Managers LTD,https://www.ecobank.com,200,,False,False,,0,0,0,,,,,,,,,,
EcoCapital Investment Management Limited,https://ecocapinvestment.com,200,,False,False,,0,0,0,,,,,,,,,,
EDC Investments Limited,https://ecobank.com,302,,False,False,,0,0,0,,,,__ERROR__ HTTP 302,,,,,,
Family Fountain Assets and Securities Limited,https://familyfountainghana.com,0,,False,False,,0,0,0,,,,__ERROR__ URLError: <urlopen error [Errno 11001] getaddrinfo failed> (domain does not resolve — the URL in PROVIDERS is ,,,,,,
Fidelity Securities Limited,https://fidelitysecurities.com.gh,0,,False,False,,0,0,0,,,,__ERROR__ URLError: <urlopen error [Errno 11001] getaddrinfo failed> (domain does not resolve — the URL in PROVIDERS is ,,,,,,
First Atlantic Asset Management Co. Limited,https://firstatlanticbank.com.gh,200,,False,False,,0,0,0,,,,,,,,,,
First Finance Company Ltd,https://firstfinancecompany.com,200,,False,False,,0,0,0,,,,,,,,,,
Gateway Wealth Management Limited,https://gatewaygh.com,0,,False,False,,0,0,0,,,,__ERROR__ URLError: <urlopen error [Errno 11002] getaddrinfo failed> (domain does not resolve — the URL in PROVIDERS is ,,,,,,
GCB Capital Limited,https://www.gcbcapital.com.gh,200,,False,False,,0,0,0,,,,,,,,,,
GLICO Capital Limited,https://glicocapital.com,200,,False,False,,2,0,0,,,,,,,,,,
Glorygate Capital Ltd.,https://glorygatecapital.com,0,,False,False,,0,0,0,,,,__ERROR__ URLError: <urlopen error [WinError 10061] No connection could be made because the target machine actively refu,,,,,,
Halifax Asset Management,https://halifax-am.com,0,,False,False,,0,0,0,,,,__ERROR__ URLError: <urlopen error [Errno 11001] getaddrinfo failed> (domain does not resolve — the URL in PROVIDERS is ,,,,,,
HMI Management Services Limited,https://hmi-management.com,0,,False,False,,0,0,0,,,,__ERROR__ URLError: <urlopen error [SSL: TLSV1_ALERT_INTERNAL_ERROR] tlsv1 alert internal error (_ssl.c:1082)>,,,,,,
IC Asset Managers (Ghana) Ltd.,https://icassetmanagers.com,200,,False,False,,0,0,0,,,,,,,,,,
IFS Capital Management Ltd.,https://ifscapitalgh.com,200,,False,False,,0,0,0,,,,,,,,,,
IGS Financial Services Limited,https://igsghana.com,200,,False,False,,0,0,0,,,,,,,,,,
Injaro Investment Advisors Ltd.,https://www.injaroinvestments.com,200,,False,False,,0,0,0,,,,,,,,,,
Integrity Fund Management Limited,https://integrityghana.com,200,,False,False,,0,0,0,,,,,,,,,,
Investa Capital Fund Management Ltd,https://investacapitalghana.com,200,,False,False,,0,0,0,,,,,,,,,,
InvestCorp Asset Management Ltd,https://investcorpgh.com,200,,False,False,,0,0,0,,,,,,,,,,
InvestEye Capital Partners Ltd,https://investeyecapital.com,200,,False,False,,0,0,0,,,,,,,,,,
Investiture Capital Ltd,https://investituregh.com,200,,False,False,,0,0,0,,,,,,,,,,
Investrust Capital Ltd.,https://investrust.com.gh,0,,False,False,,0,0,0,,,,__ERROR__ URLError: <urlopen error [Errno 11001] getaddrinfo failed> (domain does not resolve — the URL in PROVIDERS is ,,,,,,
Legacy Fund Management Limited,https://legacygh.com,200,,False,False,,0,0,0,,,,,,,,,,
Linx Capital Limited,https://linxcapitalltd.com,500,,False,False,,0,0,0,,,,__ERROR__ HTTP 500,,,,,,
Merban Capital LTD,https://merbancapital.com,200,https://merbancapital.com/insights/reports,True,False,,0,0,0,,,,,,,,,,
Met Capital Group Ltd.,https://www.metcapitalgroupgh.com,0,,False,False,,0,0,0,,,,__ERROR__ URLError: <urlopen error [Errno 11001] getaddrinfo failed> (domain does not resolve — the URL in PROVIDERS is ,,,,,,
Mirepa Investment Advisors Ltd,https://www.mirepaadvisors.com,200,,False,False,,0,0,0,,,,,,,,,,
Monarch Capital Limited,https://monarchcapital.com.gh,200,,False,False,,0,0,0,,,,,,,,,,
NA Jones Capital Limited,https://najonescapital.com,0,,False,False,,0,0,0,,,,__ERROR__ URLError: <urlopen error [SSL: TLSV1_ALERT_INTERNAL_ERROR] tlsv1 alert internal error (_ssl.c:1082)>,,,,,,
National Trust Holding Company Limited (NTHC),https://nthcghana.com,200,,False,False,,0,0,0,,,,,,,,,,
New Generation Investment Services Limited,https://ngis-group.com,200,,False,False,,0,0,0,,,,,,,,,,
NewCase Capital Limited,https://newcasefinance.com,200,https://rolex878klaim.com/,True,False,,0,0,0,,,,,,,,,,
Nimed Capital LTD.,https://nimedcapital.com,0,,False,False,,0,0,0,,,,"__ERROR__ TimeoutError: The read operation timed out (timed out — try again, or the host is slow from here)",,,,,,
OctaneDC Limited,https://octanedc.com,200,,False,False,,0,0,0,,,,,,,,,,
Orialles Capital Ltd,https://N/A,0,,False,False,,0,0,0,,,,__ERROR__ URLError: <urlopen error [Errno 11001] getaddrinfo failed> (domain does not resolve — the URL in PROVIDERS is ,,,,,,
Pent Asset &amp; Wealth Management Ltd.,https://pentassets.com,0,,False,False,,0,0,0,,,,__ERROR__ URLError: <urlopen error [Errno 11001] getaddrinfo failed> (domain does not resolve — the URL in PROVIDERS is ,,,,,,
PLUTUS INVESTMENT LTD,https://www.plutusinvestmentltd.com,200,,False,False,,0,0,0,,,,,,,,,,
Premium Place Investments Ltd.,https://premiumplaceinvestments.com,200,,False,False,,0,0,0,,,,,,,,,,
Prestige Capital Limited,https://prestigecapitalgh.com,200,,False,False,,0,0,0,,,,,,,,,,
Prudential Securities Limited,https://prudentialsecuritiesghana.com,0,,False,False,,0,0,0,,,,__ERROR__ URLError: <urlopen error [Errno 11001] getaddrinfo failed> (domain does not resolve — the URL in PROVIDERS is ,,,,,,
RAD Business Advisory Network Centre Ltd,https://radbanc.net,0,,False,False,,0,0,0,,,,__ERROR__ URLError: <urlopen error [Errno 11001] getaddrinfo failed> (domain does not resolve — the URL in PROVIDERS is ,,,,,,
Regal Alliance Investment Ltd.,https://regalallianceghana.com,200,https://regalallianceghana.com#,True,False,,0,0,0,,,,,,,,,,
Republic Investments (Ghana) Limited,http://www.republicinvestmentsgh.com,502,,False,False,,0,0,0,,,,__ERROR__ HTTP 502,,,,,,
Resurgence Securities LTD,https://resurgecap.com,200,,False,False,,0,0,0,,,,,,,,,,
SAS Investment Management Limited,https://sasghana.com,0,,False,False,,0,0,0,,,,__ERROR__ URLError: <urlopen error [WinError 10054] An existing connection was forcibly closed by the remote host>,,,,,,
SDC Capital Limited,https://sdcgh.com,200,,False,False,,0,0,0,,,,,,,,,,
SEM Capital Advisors Limited,https://semcapitaladvisors.com,200,,False,False,,0,0,0,,,,,,,,,,
Sentinel Asset Management Ltd,https://www.sentinelaml.com,200,,False,False,,0,0,0,,,,,,,,,,
Serengeti Asset Management Limited,https:// www.serengeticapital.com,0,,False,False,,0,0,0,,,,__ERROR__ InvalidURL: URL can't contain control characters. ' www.serengeticapital.com' (found at least ' '),,,,,,
SIC Financial Services Limited,https://sic-fsl.com,200,,False,False,,0,0,0,,,,,,,,,,
Stanbic Investment Management Services LTD,https://sims.com.gh,0,,False,False,,0,0,0,,,,__ERROR__ URLError: <urlopen error [WinError 10061] No connection could be made because the target machine actively refu,,,,,,
Star Asset Fund Management Ltd,https://stargroupgh.com,0,,False,False,,0,0,0,,,,__ERROR__ URLError: <urlopen error [Errno 11001] getaddrinfo failed> (domain does not resolve — the URL in PROVIDERS is ,,,,,,
Steward Capital Partners Limited,https://steward-capital.com,200,https://steward-capital.com#,True,False,"December 3, 2018; December 7, 2018",0,0,0,,,,,,,,,,
Temple Investments LTD,https://templeinvest.com,200,,False,False,,0,0,0,,,,,,,,,,
Tesah Capital Limited,https://www.tesahcapital.com,200,https://www.tesahcapital.com#,True,True,09-05-2011; 09-08-2021; 19-08-2026,0,0,0,,,,,,,,,,
Thamani Investment Management Ltd,https://reliancecapitalgh.com,0,,False,False,,0,0,0,,,,__ERROR__ URLError: <urlopen error [Errno 11001] getaddrinfo failed> (domain does not resolve — the URL in PROVIDERS is ,,,,,,
TTL Capital Limited,https://ttlcapital.com,200,,False,False,,0,0,0,,,,,,,,,,
Union Capital Limited,https://unioncapitalgh.com,200,,False,False,,0,0,0,,,,,,,,,,
WAICA RE Capital Limited,https://waicarecapital.com,200,,False,False,,3,0,0,,,,,,,,,,
