sector,ticker,closing_vwap,year_high,year_low,issued_shares_mil,market_cap_ghs_mil,pe_ratio,as_of,source
Finance,ACCESS,6.82,6.82,5.2,173.95,1186.32,1.63,2025-02-28,gse-2025-02.pdf
Finance,ADB,5.06,5.06,5.06,1652.68,8362.57,10.97,2025-02-28,gse-2025-02.pdf
Finance,CAL,0.59,0.59,0.35,1081.74,638.22,2.38,2025-02-28,gse-2025-02.pdf
Finance,CALPREF,0.29,0.29,0.29,0.29,47.77,13.85,2025-02-28,gse-2025-02.pdf
Finance,EGH,6.25,6.6,6.25,322.55,2015.95,1.55,2025-02-28,gse-2025-02.pdf
Finance,ETI,0.72,0.72,0.31,24067.75,17328.78,2.79,2025-02-28,gse-2025-02.pdf
Finance,GCB,6.51,6.51,6.37,265.0,1725.15,2.07,2025-02-28,gse-2025-02.pdf
Finance,RBGH,0.6,0.66,0.6,851.97,511.18,2.53,2025-02-28,gse-2025-02.pdf
Finance,SCB,25.01,25.01,23.0,134.76,3370.31,4.4,2025-02-28,gse-2025-02.pdf
Finance,SCBPREF,0.9,0.9,0.9,0.9,17.48,15.73,2025-02-28,gse-2025-02.pdf
Finance,SOGEGH,1.5,1.5,1.5,709.14,1063.71,2.91,2025-02-28,gse-2025-02.pdf
Finance,TBL,0.83,0.83,0.83,200.0,166.0,2.47,2025-02-28,gse-2025-02.pdf
Distribution,GOIL,1.6,1.6,1.52,391.86,626.98,6.19,2025-02-28,gse-2025-02.pdf
Distribution,PBC,0.02,0.02,0.02,480.0,9.6,0.0,2025-02-28,gse-2025-02.pdf
Food And Beverage,CPC,0.02,0.02,0.02,2038.07,40.76,0.0,2025-02-28,gse-2025-02.pdf
Food And Beverage,FML,3.7,3.7,3.7,116.21,429.97,7.93,2025-02-28,gse-2025-02.pdf
Food And Beverage,GGBL,5.62,5.62,5.5,307.59,1728.68,10.3,2025-02-28,gse-2025-02.pdf
Food And Beverage,HORDS,0.1,0.1,0.1,114.95,11.49,0.0,2025-02-28,gse-2025-02.pdf
Food And Beverage,SAMBA,0.55,0.55,0.55,5.98,3.29,0.0,2025-02-28,gse-2025-02.pdf
Ict,CLYD,0.03,0.03,0.03,34.0,1.02,0.26,2025-02-28,gse-2025-02.pdf
Ict,MTNGH,2.91,2.91,2.5,13236.18,38517.27,7.67,2025-02-28,gse-2025-02.pdf
Insurance,EGL,2.05,2.05,1.98,170.89,350.33,0.69,2025-02-28,gse-2025-02.pdf
Insurance,SIC,0.37,0.37,0.27,195.65,72.39,5.65,2025-02-28,gse-2025-02.pdf
Manufacturing,ALW,0.1,0.1,0.1,236.69,23.67,0.0,2025-02-28,gse-2025-02.pdf
Manufacturing,CMLT,0.14,0.14,0.14,6.83,0.96,0.3,2025-02-28,gse-2025-02.pdf
Manufacturing,IIL,0.05,0.05,0.05,274.41,13.72,,2025-02-28,gse-2025-02.pdf
Mining,AADS,0.41,0.41,0.41,0.98,40.13,1.31,2025-02-28,gse-2025-02.pdf
Mining,AGA,37.0,37.0,37.0,502.56,18594.72,1.18,2025-02-28,gse-2025-02.pdf
Mining,ALLGH,6.12,6.12,6.12,693.15,4242.06,0.0,2025-02-28,gse-2025-02.pdf
Mining,ASG,8.89,8.89,8.89,469.19,4171.1,3.88,2025-02-28,gse-2025-02.pdf
Mining,TLW,11.92,11.92,11.92,1459.22,17393.87,3.35,2025-02-28,gse-2025-02.pdf
Mining,BOPP,26.31,26.31,25.26,34.8,915.59,9.86,2025-02-28,gse-2025-02.pdf
Mining,GLD,425.6,443.5,390.5,361.55,2.9,1234.24,2025-02-28,gse-2025-02.pdf
Mining,MMH,0.1,0.1,0.1,96.08,9.61,,2025-02-28,gse-2025-02.pdf
Mining,DIGICUT,0.09,0.09,0.09,118.89,10.7,0.0,2025-02-28,gse-2025-02.pdf
Finance,ACCESS,9.07,9.07,5.2,173.95,1577.7,2.94,2025-03-31,gse-2025-03.pdf
Finance,ADB,5.06,5.06,5.06,1652.68,8362.57,10.97,2025-03-31,gse-2025-03.pdf
Finance,CAL,0.75,0.8,0.35,1081.74,811.3,3.03,2025-03-31,gse-2025-03.pdf
Finance,CALPREF,0.29,0.29,0.29,0.29,47.77,13.85,2025-03-31,gse-2025-03.pdf
Finance,EGH,6.61,6.61,6.25,322.55,2132.06,1.25,2025-03-31,gse-2025-03.pdf
Finance,ETI,0.85,0.85,0.31,24067.75,20457.59,4.34,2025-03-31,gse-2025-03.pdf
Finance,GCB,7.05,7.05,6.37,265.0,1868.25,1.56,2025-03-31,gse-2025-03.pdf
Finance,MAC,5.38,5.38,5.38,9.95,53.53,,2025-03-31,gse-2025-03.pdf
Finance,RBGH,0.66,0.66,0.6,851.97,562.3,2.79,2025-03-31,gse-2025-03.pdf
Finance,SCB,26.0,26.0,23.0,134.76,3503.72,4.95,2025-03-31,gse-2025-03.pdf
Finance,SCBPREF,0.9,0.9,0.9,0.9,17.48,15.73,2025-03-31,gse-2025-03.pdf
Finance,SOGEGH,1.6,1.6,1.5,709.14,1134.63,2.06,2025-03-31,gse-2025-03.pdf
Finance,TBL,0.83,0.83,0.83,200.0,166.0,2.47,2025-03-31,gse-2025-03.pdf
Distribution,GOIL,1.62,1.62,1.52,391.86,634.82,6.26,2025-03-31,gse-2025-03.pdf
Food And Beverage,CPC,0.02,0.02,0.02,2038.07,40.76,0.0,2025-03-31,gse-2025-03.pdf
Food And Beverage,FML,3.7,3.7,3.7,116.21,429.97,7.93,2025-03-31,gse-2025-03.pdf
Food And Beverage,GGBL,5.62,5.62,5.5,307.59,1728.68,10.3,2025-03-31,gse-2025-03.pdf
Food And Beverage,HORDS,0.1,0.1,0.1,114.95,11.49,0.0,2025-03-31,gse-2025-03.pdf
Food And Beverage,SAMBA,0.55,0.55,0.55,5.98,3.29,0.0,2025-03-31,gse-2025-03.pdf
Ict,CLYD,0.06,0.06,0.03,34.0,2.04,0.52,2025-03-31,gse-2025-03.pdf
Ict,MTNGH,3.19,3.2,2.5,13236.18,42223.4,8.4,2025-03-31,gse-2025-03.pdf
Insurance,EGL,2.55,2.55,1.98,170.89,435.78,0.86,2025-03-31,gse-2025-03.pdf
Insurance,SIC,0.49,0.49,0.27,195.65,95.87,1.7,2025-03-31,gse-2025-03.pdf
Manufacturing,CMLT,0.14,0.14,0.14,6.83,0.96,0.3,2025-03-31,gse-2025-03.pdf
Manufacturing,IIL,0.05,0.05,0.05,274.41,13.72,0.0,2025-03-31,gse-2025-03.pdf
Manufacturing,UNIL,19.54,19.54,19.5,62.5,1221.25,21.04,2025-03-31,gse-2025-03.pdf
Mining,AADS,0.41,0.41,0.41,0.98,40.13,1.45,2025-03-31,gse-2025-03.pdf
Mining,AGA,37.0,37.0,37.0,502.73,18601.02,1.31,2025-03-31,gse-2025-03.pdf
Mining,ALLGH,6.12,6.12,6.12,693.15,4242.06,0.0,2025-03-31,gse-2025-03.pdf
Mining,ASG,8.89,8.89,8.89,469.19,4171.1,3.88,2025-03-31,gse-2025-03.pdf
Mining,TLW,11.92,11.92,11.92,1459.22,17393.87,22.35,2025-03-31,gse-2025-03.pdf
Mining,BOPP,27.05,27.05,25.26,34.8,941.34,10.14,2025-03-31,gse-2025-03.pdf
Mining,GLD,458.01,458.01,390.5,385.1,2.9,1328.23,2025-03-31,gse-2025-03.pdf
Education,MMH,0.1,0.1,0.1,96.08,9.61,,2025-03-31,gse-2025-03.pdf
Education,DIGICUT,0.09,0.09,0.09,118.89,10.7,0.0,2025-03-31,gse-2025-03.pdf
Finance,ACCESS,9.12,9.12,5.2,173.95,1586.4,2.17,2025-04-30,gse-2025-04.pdf
Finance,ADB,5.06,5.06,5.06,1652.68,8362.57,10.97,2025-04-30,gse-2025-04.pdf
Finance,CAL,0.65,0.8,0.35,1081.74,703.13,4.94,2025-04-30,gse-2025-04.pdf
Finance,CALPREF,0.29,0.29,0.29,0.29,47.77,13.85,2025-04-30,gse-2025-04.pdf
Finance,EGH,6.71,6.71,6.25,322.55,2164.32,1.64,2025-04-30,gse-2025-04.pdf
Finance,ETI,0.88,0.88,0.31,24067.75,21179.62,2.82,2025-04-30,gse-2025-04.pdf
Finance,GCB,7.4,7.4,6.37,265.0,1961.0,1.46,2025-04-30,gse-2025-04.pdf
Finance,MAC,5.38,5.38,5.38,9.95,53.53,,2025-04-30,gse-2025-04.pdf
Finance,RBGH,0.66,0.66,0.6,851.97,562.3,2.32,2025-04-30,gse-2025-04.pdf
Finance,SCB,26.2,26.2,23.0,134.76,3530.67,5.01,2025-04-30,gse-2025-04.pdf
Finance,SCBPREF,0.9,0.9,0.9,0.9,17.48,15.73,2025-04-30,gse-2025-04.pdf
Finance,SOGEGH,1.76,1.76,1.5,709.14,1248.09,2.28,2025-04-30,gse-2025-04.pdf
Finance,TBL,0.91,0.91,0.83,200.0,182.0,2.71,2025-04-30,gse-2025-04.pdf
Distribution,GOIL,1.76,1.76,1.52,391.86,689.68,6.81,2025-04-30,gse-2025-04.pdf
Distribution,TOTAL,24.51,24.52,13.12,111.87,2742.03,9.53,2025-04-30,gse-2025-04.pdf
Food And Beverage,CPC,0.02,0.02,0.02,2038.07,40.76,0.0,2025-04-30,gse-2025-04.pdf
Food And Beverage,FML,3.8,3.8,3.7,116.21,441.59,8.93,2025-04-30,gse-2025-04.pdf
Food And Beverage,GGBL,5.8,5.8,5.5,307.59,1784.05,10.63,2025-04-30,gse-2025-04.pdf
Food And Beverage,HORDS,0.1,0.1,0.1,114.95,11.49,0.0,2025-04-30,gse-2025-04.pdf
Food And Beverage,SAMBA,0.55,0.55,0.55,5.98,3.29,0.0,2025-04-30,gse-2025-04.pdf
Ict,CLYD,0.08,0.08,0.03,34.0,2.72,0.69,2025-04-30,gse-2025-04.pdf
Ict,MTNGH,3.02,3.2,2.5,13236.18,39973.25,5.18,2025-04-30,gse-2025-04.pdf
Insurance,EGL,2.66,2.66,1.98,170.89,454.57,0.31,2025-04-30,gse-2025-04.pdf
Insurance,SIC,0.7,0.7,0.27,195.65,136.95,2.43,2025-04-30,gse-2025-04.pdf
Manufacturing,CMLT,0.14,0.14,0.14,6.83,0.96,0.37,2025-04-30,gse-2025-04.pdf
Manufacturing,IIL,0.05,0.05,0.05,274.41,13.72,0.0,2025-04-30,gse-2025-04.pdf
Manufacturing,UNIL,19.54,19.54,19.5,62.5,1221.25,17.83,2025-04-30,gse-2025-04.pdf
Mining,AADS,0.41,0.41,0.41,0.98,40.13,1.45,2025-04-30,gse-2025-04.pdf
Mining,AGA,37.0,37.0,37.0,503.11,18615.01,1.31,2025-04-30,gse-2025-04.pdf
Mining,ALLGH,6.12,6.12,6.12,693.15,4242.06,0.0,2025-04-30,gse-2025-04.pdf
Mining,ASG,8.89,8.89,8.89,469.19,4171.1,3.88,2025-04-30,gse-2025-04.pdf
Mining,TLW,11.92,11.92,11.92,1459.66,17399.15,22.35,2025-04-30,gse-2025-04.pdf
Mining,BOPP,29.75,29.75,25.26,34.8,1035.3,10.87,2025-04-30,gse-2025-04.pdf
Mining,GLD,450.45,508.31,390.5,397.52,2.9,1306.31,2025-04-30,gse-2025-04.pdf
Education,MMH,0.1,0.1,0.1,96.08,9.61,,2025-04-30,gse-2025-04.pdf
Education,DIGICUT,0.09,0.09,0.09,118.89,10.7,0.0,2025-04-30,gse-2025-04.pdf
Finance,ACCESS,13.6,13.6,5.2,173.95,2365.69,3.0,2025-06-30,gse-2025-06.pdf
Finance,ADB,5.06,5.06,5.06,1652.68,8362.57,11.0,2025-06-30,gse-2025-06.pdf
Finance,CAL,0.55,0.8,0.35,1129.5,621.23,4.0,2025-06-30,gse-2025-06.pdf
Finance,EGH,8.7,8.7,6.25,322.55,2806.2,2.0,2025-06-30,gse-2025-06.pdf
Finance,ETI,0.85,0.9,0.31,24067.75,20457.59,3.0,2025-06-30,gse-2025-06.pdf
Finance,GCB,10.0,10.0,6.37,265.0,2650.0,2.0,2025-06-30,gse-2025-06.pdf
Finance,MAC,5.38,5.38,5.38,9.95,53.53,,2025-06-30,gse-2025-06.pdf
Finance,RBGH,0.66,0.66,0.6,851.97,562.3,2.0,2025-06-30,gse-2025-06.pdf
Finance,SCB,27.88,28.0,23.0,134.76,3757.07,5.0,2025-06-30,gse-2025-06.pdf
Finance,SCBPREF,0.9,0.9,0.9,0.9,17.48,15.73,2025-06-30,gse-2025-06.pdf
Finance,SOGEGH,2.06,2.06,1.5,709.14,1460.83,3.0,2025-06-30,gse-2025-06.pdf
Finance,TBL,0.91,0.91,0.83,200.0,182.0,3.0,2025-06-30,gse-2025-06.pdf
Distribution,GOIL,2.0,2.0,1.52,391.86,783.73,6.0,2025-06-30,gse-2025-06.pdf
Distribution,TOTAL,27.5,27.5,13.12,111.87,3076.54,9.0,2025-06-30,gse-2025-06.pdf
Food And Beverage,CPC,0.02,0.02,0.02,2038.07,40.76,0.0,2025-06-30,gse-2025-06.pdf
Food And Beverage,FML,4.1,4.15,3.7,116.21,476.45,5.0,2025-06-30,gse-2025-06.pdf
Food And Beverage,GGBL,6.05,6.05,5.5,307.59,1860.95,7.0,2025-06-30,gse-2025-06.pdf
Food And Beverage,HORDS,0.1,0.1,0.1,114.95,11.49,0.0,2025-06-30,gse-2025-06.pdf
Food And Beverage,SAMBA,0.55,0.55,0.55,5.98,3.29,0.0,2025-06-30,gse-2025-06.pdf
Ict,CLYD,0.08,0.08,0.03,34.0,2.72,0.24,2025-06-30,gse-2025-06.pdf
Ict,MTNGH,2.93,3.54,2.5,13236.18,38781.99,5.0,2025-06-30,gse-2025-06.pdf
Insurance,EGL,2.85,2.86,1.98,170.89,487.04,0.0,2025-06-30,gse-2025-06.pdf
Insurance,SIC,1.14,1.14,0.27,195.65,223.04,4.0,2025-06-30,gse-2025-06.pdf
Manufacturing,CMLT,0.14,0.14,0.14,6.83,0.96,0.37,2025-06-30,gse-2025-06.pdf
Manufacturing,IIL,0.05,0.05,0.05,274.41,13.72,0.0,2025-06-30,gse-2025-06.pdf
Manufacturing,UNIL,20.5,20.5,19.5,62.5,1281.25,19.0,2025-06-30,gse-2025-06.pdf
Mining,AADS,0.41,0.41,0.41,0.98,40.13,1.45,2025-06-30,gse-2025-06.pdf
Mining,AGA,37.0,37.0,37.0,503.12,18615.4,1.0,2025-06-30,gse-2025-06.pdf
Mining,ALLGH,6.12,6.12,6.12,693.15,4242.06,0.0,2025-06-30,gse-2025-06.pdf
Mining,ASG,8.89,8.89,8.89,469.19,4171.1,0.0,2025-06-30,gse-2025-06.pdf
Mining,TLW,11.92,11.92,11.92,1460.89,17413.81,22.0,2025-06-30,gse-2025-06.pdf
Mining,BOPP,34.25,34.25,25.26,34.8,1191.9,8.0,2025-06-30,gse-2025-06.pdf
Mining,GLD,349.19,508.31,338.83,404.19,3.4,1187.25,2025-06-30,gse-2025-06.pdf
Education,MMH,0.1,0.1,0.1,96.08,9.61,,2025-06-30,gse-2025-06.pdf
Education,DIGICUT,0.09,0.09,0.09,118.89,10.7,0.0,2025-06-30,gse-2025-06.pdf
Finance,ACCESS,16.38,16.4,5.2,173.95,2849.26,5.0,2025-07-31,gse-2025-07.pdf
Finance,ADB,5.06,5.06,5.06,1652.68,8362.57,11.0,2025-07-31,gse-2025-07.pdf
Finance,CAL,0.54,0.8,0.35,1129.5,609.93,2.0,2025-07-31,gse-2025-07.pdf
Finance,EGH,8.78,8.78,6.25,322.55,2832.0,2.0,2025-07-31,gse-2025-07.pdf
Finance,ETI,0.82,0.9,0.31,24067.75,19735.56,3.0,2025-07-31,gse-2025-07.pdf
Finance,GCB,9.52,10.0,6.37,265.0,2522.8,2.0,2025-07-31,gse-2025-07.pdf
Finance,MAC,5.38,5.38,5.38,9.95,53.53,,2025-07-31,gse-2025-07.pdf
Finance,RBGH,1.05,1.05,0.6,851.97,894.56,3.0,2025-07-31,gse-2025-07.pdf
Finance,SCB,28.0,28.0,23.0,134.76,3773.24,7.0,2025-07-31,gse-2025-07.pdf
Finance,SCBPREF,0.9,0.9,0.9,0.9,17.48,15.73,2025-07-31,gse-2025-07.pdf
Finance,SOGEGH,2.0,2.06,1.5,709.14,1418.28,3.0,2025-07-31,gse-2025-07.pdf
Finance,TBL,1.0,1.0,0.83,200.0,200.0,2.0,2025-07-31,gse-2025-07.pdf
Distribution,GOIL,2.14,2.14,1.52,391.86,838.59,6.0,2025-07-31,gse-2025-07.pdf
Distribution,TOTAL,31.93,33.25,13.12,111.87,3572.14,11.0,2025-07-31,gse-2025-07.pdf
Food And Beverage,CPC,0.02,0.02,0.02,2038.07,40.76,0.0,2025-07-31,gse-2025-07.pdf
Food And Beverage,FML,4.32,4.32,3.7,116.21,502.02,10.0,2025-07-31,gse-2025-07.pdf
Food And Beverage,GGBL,6.05,6.05,5.5,307.59,1860.95,7.0,2025-07-31,gse-2025-07.pdf
Food And Beverage,HORDS,0.1,0.1,0.1,114.95,11.49,0.0,2025-07-31,gse-2025-07.pdf
Food And Beverage,SAMBA,0.55,0.55,0.55,5.98,3.29,0.0,2025-07-31,gse-2025-07.pdf
Ict,CLYD,0.1,0.1,0.03,34.0,3.4,1.55,2025-07-31,gse-2025-07.pdf
Ict,MTNGH,3.55,3.55,2.5,13236.18,46988.42,6.0,2025-07-31,gse-2025-07.pdf
Insurance,EGL,2.85,2.86,1.98,170.89,487.04,0.0,2025-07-31,gse-2025-07.pdf
Insurance,SIC,1.05,1.14,0.27,195.65,205.43,4.0,2025-07-31,gse-2025-07.pdf
Manufacturing,CMLT,0.14,0.14,0.14,6.83,0.96,0.37,2025-07-31,gse-2025-07.pdf
Manufacturing,IIL,0.04,0.05,0.04,274.41,10.98,0.0,2025-07-31,gse-2025-07.pdf
Manufacturing,UNIL,20.49,20.5,19.5,62.5,1280.63,25.0,2025-07-31,gse-2025-07.pdf
Mining,AADS,0.41,0.41,0.41,0.98,40.13,1.45,2025-07-31,gse-2025-07.pdf
Mining,AGA,37.0,37.0,37.0,503.77,18639.33,1.0,2025-07-31,gse-2025-07.pdf
Mining,ALLGH,6.12,6.12,6.12,693.15,4242.06,0.0,2025-07-31,gse-2025-07.pdf
Mining,ASG,8.89,8.89,8.89,469.19,4171.1,0.0,2025-07-31,gse-2025-07.pdf
Mining,TLW,11.92,11.92,11.92,1462.16,17428.9,22.0,2025-07-31,gse-2025-07.pdf
Mining,BOPP,34.26,34.26,25.26,34.8,1192.25,9.0,2025-07-31,gse-2025-07.pdf
Mining,GLD,366.78,508.31,338.83,404.69,3.4,1247.05,2025-07-31,gse-2025-07.pdf
Education,MMH,0.1,0.1,0.1,96.08,9.61,,2025-07-31,gse-2025-07.pdf
Education,DIGICUT,0.09,0.09,0.09,118.89,10.7,0.0,2025-07-31,gse-2025-07.pdf
,ACCESS,16.36,16.4,5.2,173.95,2845.78,5.0,2025-08-31,gse-2025-08.pdf
,ADB,5.06,5.06,5.06,1652.68,8362.57,18.0,2025-08-31,gse-2025-08.pdf
,CAL,0.51,0.8,0.35,1129.5,576.05,2.0,2025-08-31,gse-2025-08.pdf
,EGH,9.02,9.02,6.25,322.55,2909.41,2.0,2025-08-31,gse-2025-08.pdf
,ETI,0.77,0.9,0.31,24067.75,18532.17,2.0,2025-08-31,gse-2025-08.pdf
,GCB,10.01,10.01,6.37,265.0,2652.65,2.0,2025-08-31,gse-2025-08.pdf
,MAC,5.38,5.38,5.38,9.95,53.53,,2025-08-31,gse-2025-08.pdf
,RBGH,1.1,1.1,0.6,851.97,937.16,4.0,2025-08-31,gse-2025-08.pdf
,SCB,28.01,28.01,23.0,134.76,3774.59,7.0,2025-08-31,gse-2025-08.pdf
,SCBPREF,0.9,0.9,0.9,0.9,17.48,15.73,2025-08-31,gse-2025-08.pdf
,SOGEGH,2.0,2.06,1.5,709.14,1418.28,3.0,2025-08-31,gse-2025-08.pdf
,TBL,1.1,1.1,0.83,200.0,220.0,2.0,2025-08-31,gse-2025-08.pdf
,GOIL,2.31,2.31,1.52,391.86,905.2,6.0,2025-08-31,gse-2025-08.pdf
,TOTAL,31.93,33.25,13.12,111.87,3572.14,11.0,2025-08-31,gse-2025-08.pdf
Food And Beverage,CPC,0.03,0.03,0.02,2038.07,61.14,0.0,2025-08-31,gse-2025-08.pdf
Food And Beverage,FML,4.41,4.41,3.7,116.21,512.47,10.0,2025-08-31,gse-2025-08.pdf
Food And Beverage,GGBL,6.05,6.05,5.5,307.59,1860.95,7.0,2025-08-31,gse-2025-08.pdf
Food And Beverage,HORDS,0.1,0.1,0.1,114.95,11.49,0.0,2025-08-31,gse-2025-08.pdf
Food And Beverage,SAMBA,0.55,0.55,0.55,5.98,3.29,0.0,2025-08-31,gse-2025-08.pdf
Ict,CLYD,0.11,0.11,0.03,34.0,3.74,1.71,2025-08-31,gse-2025-08.pdf
Ict,MTNGH,3.87,3.98,2.5,13236.18,51224.0,7.0,2025-08-31,gse-2025-08.pdf
Insurance,EGL,2.9,2.9,1.98,170.89,495.59,2.0,2025-08-31,gse-2025-08.pdf
Insurance,SIC,1.05,1.14,0.27,195.65,205.43,4.0,2025-08-31,gse-2025-08.pdf
Manufacturing,CMLT,0.14,0.14,0.14,6.83,0.96,0.22,2025-08-31,gse-2025-08.pdf
Manufacturing,IIL,0.05,0.05,0.04,274.41,13.72,0.0,2025-08-31,gse-2025-08.pdf
Manufacturing,UNIL,20.4,20.5,19.5,62.5,1275.0,25.0,2025-08-31,gse-2025-08.pdf
Mining,AADS,0.41,0.41,0.41,0.98,40.13,1.16,2025-08-31,gse-2025-08.pdf
Mining,AGA,37.0,37.0,37.0,503.77,18639.33,1.0,2025-08-31,gse-2025-08.pdf
Mining,ALLGH,6.12,6.12,6.12,693.15,4242.06,0.0,2025-08-31,gse-2025-08.pdf
Mining,ASG,8.89,8.89,8.89,469.19,4171.1,0.0,2025-08-31,gse-2025-08.pdf
Mining,TLW,11.92,11.92,11.92,1462.46,17432.56,22.0,2025-08-31,gse-2025-08.pdf
Mining,BOPP,34.35,34.35,25.26,34.8,1195.38,9.0,2025-08-31,gse-2025-08.pdf
Mining,GLD,396.7,508.31,338.83,405.61,3.4,1348.78,2025-08-31,gse-2025-08.pdf
Education,MMH,0.1,0.1,0.1,96.08,9.61,,2025-08-31,gse-2025-08.pdf
Education,DIGICUT,0.09,0.09,0.09,118.89,10.7,0.0,2025-08-31,gse-2025-08.pdf
Finance,ACCESS,16.34,16.4,5.2,173.95,2842.3,5.0,2025-09-30,gse-2025-09.pdf
Finance,ADB,5.06,5.06,5.06,1652.68,8362.57,18.0,2025-09-30,gse-2025-09.pdf
Finance,CAL,0.64,0.8,0.35,1129.5,722.88,2.0,2025-09-30,gse-2025-09.pdf
Finance,EGH,12.0,12.0,6.25,322.55,3870.61,3.0,2025-09-30,gse-2025-09.pdf
Finance,ETI,0.91,0.91,0.31,24067.75,21901.66,3.0,2025-09-30,gse-2025-09.pdf
Finance,GCB,14.1,14.1,6.37,265.0,3736.5,2.0,2025-09-30,gse-2025-09.pdf
Finance,MAC,5.38,5.38,5.38,9.95,53.53,,2025-09-30,gse-2025-09.pdf
Finance,RBGH,1.19,1.2,0.6,851.97,1013.84,4.0,2025-09-30,gse-2025-09.pdf
Finance,SCB,28.02,28.02,23.0,134.76,3775.93,7.0,2025-09-30,gse-2025-09.pdf
Finance,SCBPREF,0.9,0.9,0.9,0.9,17.48,15.73,2025-09-30,gse-2025-09.pdf
Finance,SOGEGH,2.08,2.08,1.5,709.14,1475.01,3.0,2025-09-30,gse-2025-09.pdf
Finance,TBL,1.1,1.1,0.83,200.0,220.0,2.0,2025-09-30,gse-2025-09.pdf
Distribution,GOIL,2.38,2.38,1.52,391.86,932.63,6.0,2025-09-30,gse-2025-09.pdf
Distribution,TOTAL,37.0,37.0,13.12,111.87,4139.34,12.0,2025-09-30,gse-2025-09.pdf
Food And Beverage,CPC,0.03,0.03,0.02,2038.07,61.14,0.0,2025-09-30,gse-2025-09.pdf
Food And Beverage,FML,5.35,5.35,3.7,116.21,621.71,12.0,2025-09-30,gse-2025-09.pdf
Food And Beverage,GGBL,5.47,6.05,5.47,307.59,1682.54,6.0,2025-09-30,gse-2025-09.pdf
Food And Beverage,HORDS,0.1,0.1,0.1,114.95,11.49,0.0,2025-09-30,gse-2025-09.pdf
Food And Beverage,SAMBA,0.55,0.55,0.55,5.98,3.29,0.0,2025-09-30,gse-2025-09.pdf
Ict,CLYD,0.17,0.17,0.03,34.0,5.78,3.0,2025-09-30,gse-2025-09.pdf
Ict,MTNGH,4.35,4.35,2.5,13236.18,57577.36,8.0,2025-09-30,gse-2025-09.pdf
Insurance,EGL,3.2,2.9,1.98,170.89,546.86,2.0,2025-09-30,gse-2025-09.pdf
Insurance,SIC,1.05,1.14,0.27,195.65,205.43,5.0,2025-09-30,gse-2025-09.pdf
Manufacturing,CMLT,0.14,0.14,0.14,6.83,0.96,0.0,2025-09-30,gse-2025-09.pdf
Manufacturing,IIL,0.05,0.05,0.04,274.41,13.72,0.0,2025-09-30,gse-2025-09.pdf
Manufacturing,UNIL,19.99,20.5,19.5,62.5,1249.38,24.0,2025-09-30,gse-2025-09.pdf
Mining,AADS,0.42,0.42,0.41,0.98,41.11,1.0,2025-09-30,gse-2025-09.pdf
Mining,AGA,37.0,37.0,37.0,503.85,18642.37,1.0,2025-09-30,gse-2025-09.pdf
Mining,ALLGH,6.12,6.12,6.12,693.15,4242.06,0.0,2025-09-30,gse-2025-09.pdf
Mining,ASG,8.89,8.89,8.89,469.19,4171.1,0.0,2025-09-30,gse-2025-09.pdf
Mining,TLW,11.92,11.92,11.92,1462.46,17432.56,0.0,2025-09-30,gse-2025-09.pdf
Mining,BOPP,37.81,37.81,25.26,34.8,1315.79,10.0,2025-09-30,gse-2025-09.pdf
Mining,GLD,476.9,508.31,338.83,409.59,3.4,1621.46,2025-09-30,gse-2025-09.pdf
Education,MMH,0.1,0.1,0.1,96.08,9.61,,2025-09-30,gse-2025-09.pdf
Education,DIGICUT,0.09,0.09,0.09,118.89,10.7,0.0,2025-09-30,gse-2025-09.pdf
Finance,MAC,5.2,5.38,5.38,9.95,51.73,,2025-10-31,gse-2025-10.pdf
Finance,SCBPREF,0.9,0.9,0.9,0.9,17.48,15.73,2025-10-31,gse-2025-10.pdf
Food And Beverage,CPC,0.04,0.04,0.02,2038.07,81.52,0.0,2025-10-31,gse-2025-10.pdf
Food And Beverage,FML,8.0,8.0,3.7,116.21,929.66,16.0,2025-10-31,gse-2025-10.pdf
Food And Beverage,GGBL,6.6,6.6,5.47,307.59,2030.13,21.0,2025-10-31,gse-2025-10.pdf
Food And Beverage,HORDS,0.1,0.1,0.1,114.95,11.49,0.0,2025-10-31,gse-2025-10.pdf
Food And Beverage,SAMBA,0.55,0.55,0.55,5.98,3.29,0.0,2025-10-31,gse-2025-10.pdf
Ict,CLYD,0.28,0.28,0.03,34.0,9.52,4.0,2025-10-31,gse-2025-10.pdf
Ict,MTNGH,4.2,4.52,2.5,13236.18,55591.94,8.0,2025-10-31,gse-2025-10.pdf
Insurance,EGL,3.45,3.45,1.98,170.89,589.58,2.0,2025-10-31,gse-2025-10.pdf
Insurance,SIC,1.2,1.2,0.27,195.65,234.77,5.0,2025-10-31,gse-2025-10.pdf
Manufacturing,CMLT,0.14,0.14,0.14,6.83,0.96,0.0,2025-10-31,gse-2025-10.pdf
Manufacturing,IIL,0.05,0.05,0.04,274.41,13.72,0.0,2025-10-31,gse-2025-10.pdf
Manufacturing,UNIL,19.79,20.5,19.5,62.5,1236.88,16.0,2025-10-31,gse-2025-10.pdf
Mining,AADS,0.42,0.42,0.42,0.98,41.11,1.0,2025-10-31,gse-2025-10.pdf
Mining,AGA,37.0,37.0,37.0,503.85,18642.37,1.0,2025-10-31,gse-2025-10.pdf
Mining,ALLGH,6.12,6.12,6.12,693.15,4242.06,0.0,2025-10-31,gse-2025-10.pdf
Mining,ASG,8.89,8.89,8.89,469.19,4171.1,0.0,2025-10-31,gse-2025-10.pdf
Mining,TLW,11.92,11.92,11.92,1465.02,17463.07,0.0,2025-10-31,gse-2025-10.pdf
Mining,BOPP,39.0,39.0,25.26,34.8,1357.2,14.0,2025-10-31,gse-2025-10.pdf
Mining,GLD,446.0,508.31,338.83,413.18,3.4,1516.4,2025-10-31,gse-2025-10.pdf
Education,MMH,0.1,0.1,0.1,96.08,9.61,,2025-10-31,gse-2025-10.pdf
Education,DIGICUT,0.09,0.09,0.09,118.89,10.7,0.0,2025-10-31,gse-2025-10.pdf
Finance,MAC,5.2,5.38,5.38,9.95,51.73,,2025-11-30,gse-2025-11.pdf
Finance,SCBPREF,0.9,0.9,0.9,0.9,17.48,15.73,2025-11-30,gse-2025-11.pdf
Food And Beverage,CPC,0.05,0.05,0.02,2038.07,101.9,0.0,2025-11-30,gse-2025-11.pdf
Food And Beverage,FML,8.0,8.01,3.7,116.21,929.66,16.0,2025-11-30,gse-2025-11.pdf
Food And Beverage,GGBL,6.6,6.6,5.47,307.59,2030.13,21.0,2025-11-30,gse-2025-11.pdf
Food And Beverage,HORDS,0.1,0.1,0.1,114.95,11.49,0.0,2025-11-30,gse-2025-11.pdf
Food And Beverage,SAMBA,0.55,0.55,0.55,5.98,3.29,0.0,2025-11-30,gse-2025-11.pdf
Ict,CLYD,0.46,0.46,0.03,34.0,15.64,7.0,2025-11-30,gse-2025-11.pdf
Ict,MTNGH,4.21,4.52,2.5,13236.18,55724.3,8.0,2025-11-30,gse-2025-11.pdf
Insurance,EGL,3.45,3.45,1.98,170.89,589.58,2.0,2025-11-30,gse-2025-11.pdf
Insurance,SIC,1.2,1.2,0.27,195.65,234.77,5.0,2025-11-30,gse-2025-11.pdf
Manufacturing,CMLT,0.38,0.38,0.38,84.77,32.21,0.0,2025-11-30,gse-2025-11.pdf
Manufacturing,IIL,19.79,20.5,19.5,62.5,1236.88,16.0,2025-11-30,gse-2025-11.pdf
Manufacturing,UNIL,0.1,0.1,0.1,236.69,23.67,0.0,2025-11-30,gse-2025-11.pdf
Mining,AADS,0.42,0.42,0.41,0.98,41.11,1.0,2025-11-30,gse-2025-11.pdf
Mining,AGA,37.0,37.0,37.0,503.91,18644.62,1.0,2025-11-30,gse-2025-11.pdf
Mining,ALLGH,6.12,6.12,6.12,693.15,4242.06,0.0,2025-11-30,gse-2025-11.pdf
Mining,ASG,8.89,8.89,8.89,469.19,4171.1,0.0,2025-11-30,gse-2025-11.pdf
Mining,TLW,11.92,11.92,11.92,1475.02,17582.27,0.0,2025-11-30,gse-2025-11.pdf
Mining,BOPP,45.7,45.7,25.26,34.8,1590.36,16.0,2025-11-30,gse-2025-11.pdf
Mining,GLD,449.86,508.31,338.83,416.09,3.4,1529.52,2025-11-30,gse-2025-11.pdf
Education,MMH,0.1,0.1,0.1,96.08,9.61,,2025-11-30,gse-2025-11.pdf
Education,DIGICUT,0.09,0.09,0.09,118.89,10.7,0.0,2025-11-30,gse-2025-11.pdf
Finance,ACCESS,16.2,16.4,5.2,173.95,2817.95,5.0,2025-12-31,gse-2025-12.pdf
Finance,ADB,5.06,5.06,5.06,1652.68,8362.57,22.0,2025-12-31,gse-2025-12.pdf
Finance,CAL,0.64,0.9,0.33,4232.95,2709.09,2.0,2025-12-31,gse-2025-12.pdf
Finance,EGH,25.0,25.0,6.25,322.55,8063.78,4.0,2025-12-31,gse-2025-12.pdf
Finance,ETI,0.77,1.0,0.31,24067.75,18532.17,3.0,2025-12-31,gse-2025-12.pdf
Finance,FAB,7.71,7.71,7.3,378.23,2916.16,,2025-12-31,gse-2025-12.pdf
Finance,GCB,20.11,20.11,6.37,265.0,5329.15,3.0,2025-12-31,gse-2025-12.pdf
Finance,MAC,5.2,5.38,5.38,9.95,51.73,,2025-12-31,gse-2025-12.pdf
Finance,RBGH,1.3,1.3,0.6,851.97,1107.56,4.0,2025-12-31,gse-2025-12.pdf
Finance,SCB,29.22,29.22,23.0,134.76,3937.64,6.0,2025-12-31,gse-2025-12.pdf
Finance,SCBPREF,0.9,0.9,0.9,17.48,15.73,,2025-12-31,gse-2025-12.pdf
Finance,SOGEGH,4.49,4.5,1.5,709.14,3184.04,7.0,2025-12-31,gse-2025-12.pdf
Finance,TBL,1.2,1.2,0.83,200.0,240.0,3.0,2025-12-31,gse-2025-12.pdf
Food And Beverage,CPC,0.05,0.05,0.02,2038.07,101.9,,2025-12-31,gse-2025-12.pdf
Food And Beverage,FML,8.0,8.01,3.7,116.21,929.66,16.0,2025-12-31,gse-2025-12.pdf
Food And Beverage,GGBL,6.6,6.6,5.47,307.59,2030.13,21.0,2025-12-31,gse-2025-12.pdf
Food And Beverage,HORDS,0.1,0.1,0.1,114.95,11.49,,2025-12-31,gse-2025-12.pdf
Food And Beverage,SAMBA,0.55,0.55,0.55,5.98,3.29,,2025-12-31,gse-2025-12.pdf
Ict,CLYD,0.46,0.46,0.03,34.0,15.64,7.0,2025-12-31,gse-2025-12.pdf
Ict,MTNGH,4.2,4.52,2.5,13236.18,55591.94,8.0,2025-12-31,gse-2025-12.pdf
Insurance,EGL,3.48,3.48,1.98,170.89,594.71,2.0,2025-12-31,gse-2025-12.pdf
Insurance,SIC,1.2,1.2,0.27,195.65,234.77,5.0,2025-12-31,gse-2025-12.pdf
Manufacturing,IIL,0.05,0.05,0.04,274.41,13.72,,2025-12-31,gse-2025-12.pdf
Mining,AADS,0.42,0.42,0.41,0.98,41.11,1.0,2025-12-31,gse-2025-12.pdf
Mining,AGA,37.0,37.0,37.0,503.91,18644.62,1.0,2025-12-31,gse-2025-12.pdf
Mining,ALLGH,6.12,6.12,6.12,693.15,4242.06,,2025-12-31,gse-2025-12.pdf
Mining,ASG,8.89,8.89,8.89,469.19,4171.1,,2025-12-31,gse-2025-12.pdf
Mining,TLW,11.92,11.92,11.92,1475.02,17582.27,,2025-12-31,gse-2025-12.pdf
Mining,BOPP,55.82,55.82,25.26,34.8,1942.54,20.0,2025-12-31,gse-2025-12.pdf
Mining,GLD,480.0,508.31,338.83,3.4,1632.0,0.0,2025-12-31,gse-2025-12.pdf
Education,MMH,0.1,0.1,0.1,96.08,9.61,,2025-12-31,gse-2025-12.pdf
Education,DIGICUT,0.09,0.09,0.09,118.89,10.7,,2025-12-31,gse-2025-12.pdf
Finance,ACCESS,16.21,16.21,16.2,173.95,2819.69,4.78,2026-01-31,gse-2026-01.pdf
Finance,ADB,5.06,5.06,5.06,1652.68,8362.57,22.22,2026-01-31,gse-2026-01.pdf
Finance,CAL,0.81,0.81,0.61,4232.95,3428.69,3.06,2026-01-31,gse-2026-01.pdf
Finance,EGH,28.93,28.93,25.0,322.55,9331.41,4.91,2026-01-31,gse-2026-01.pdf
Finance,ETI,0.77,0.77,0.76,24067.75,18532.17,3.45,2026-01-31,gse-2026-01.pdf
Finance,FAB,7.78,7.78,7.71,378.23,2942.64,0.0,2026-01-31,gse-2026-01.pdf
Finance,GCB,22.3,22.3,20.11,265.0,5909.5,3.42,2026-01-31,gse-2026-01.pdf
Finance,MAC,5.2,5.2,5.2,9.95,51.73,0.0,2026-01-31,gse-2026-01.pdf
Finance,RBGH,1.33,1.33,1.3,851.97,1133.12,4.4,2026-01-31,gse-2026-01.pdf
Finance,SCB,29.27,29.27,29.22,134.76,3944.38,5.82,2026-01-31,gse-2026-01.pdf
Finance,SCBPREF,0.9,0.9,0.9,0.9,17.48,15.73,2026-01-31,gse-2026-01.pdf
Finance,SOGEGH,4.71,4.93,4.49,709.14,3340.06,7.28,2026-01-31,gse-2026-01.pdf
Finance,TBL,1.2,1.2,1.2,200.0,240.0,3.38,2026-01-31,gse-2026-01.pdf
Distribution,GOIL,1.59,1.59,1.52,391.86,1179.51,10.65,2026-01-31,gse-2026-01.pdf
Distribution,PBC,0.02,0.02,0.02,480.0,9.6,0.0,2026-01-31,gse-2026-01.pdf
Distribution,TOTAL,13.37,13.37,13.12,111.87,4497.34,12.76,2026-01-31,gse-2026-01.pdf
Food And Beverage,CPC,0.02,0.02,0.02,2038.07,122.28,,2026-01-31,gse-2026-01.pdf
Food And Beverage,FML,3.7,3.7,3.7,116.21,929.66,16.45,2026-01-31,gse-2026-01.pdf
Food And Beverage,GGBL,5.6,5.6,5.5,307.59,2030.13,20.54,2026-01-31,gse-2026-01.pdf
Food And Beverage,HORDS,0.1,0.1,0.1,114.95,11.49,,2026-01-31,gse-2026-01.pdf
Food And Beverage,SAMBA,0.55,0.55,0.55,5.98,3.29,,2026-01-31,gse-2026-01.pdf
Ict,CLYD,0.5,0.5,0.46,34.0,17.0,7.77,2026-01-31,gse-2026-01.pdf
Ict,MTNGH,4.2,4.25,4.2,13236.18,55591.94,7.59,2026-01-31,gse-2026-01.pdf
Insurance,EGL,3.54,3.54,3.48,170.89,604.96,2.45,2026-01-31,gse-2026-01.pdf
Insurance,SIC,1.2,1.2,1.2,195.65,234.77,4.7,2026-01-31,gse-2026-01.pdf
Manufacturing,ALW,0.1,0.1,0.1,236.69,23.67,0.0,2026-01-31,gse-2026-01.pdf
Manufacturing,CMLT,0.14,0.14,0.14,6.83,0.96,0.19,2026-01-31,gse-2026-01.pdf
Mining,AADS,0.42,0.42,0.42,0.98,41.11,0.82,2026-01-31,gse-2026-01.pdf
Mining,AGA,37.0,37.0,37.0,504.03,18649.06,0.72,2026-01-31,gse-2026-01.pdf
Mining,ALLGH,6.12,6.12,6.12,693.15,4242.06,0.0,2026-01-31,gse-2026-01.pdf
Mining,ASG,8.89,8.89,8.89,893.63,7944.36,0.0,2026-01-31,gse-2026-01.pdf
Mining,TLW,11.92,11.92,11.92,1475.02,17582.27,0.0,2026-01-31,gse-2026-01.pdf
Agriculture,BOPP,62.6,62.6,55.82,34.8,2178.48,22.09,2026-01-31,gse-2026-01.pdf
Agriculture,GLD,466.72,494.77,466.72,427.38,3.4,1586.85,2026-01-31,gse-2026-01.pdf
Education,MMH,0.1,0.1,0.1,96.08,9.61,0.0,2026-01-31,gse-2026-01.pdf
Education,DIGICUT,0.09,0.09,0.09,118.89,10.7,0.0,2026-01-31,gse-2026-01.pdf
Finance,ACCESS,38.55,38.55,16.2,173.95,6705.68,11.36,2026-02-28,gse-2026-02.pdf
Finance,ADB,5.06,5.06,5.06,1652.68,8362.57,22.22,2026-02-28,gse-2026-02.pdf
Finance,CAL,0.88,0.94,0.61,4232.95,3724.99,12.22,2026-02-28,gse-2026-02.pdf
Finance,EGH,53.0,53.0,25.0,322.55,17095.21,9.0,2026-02-28,gse-2026-02.pdf
Finance,ETI,1.2,1.2,0.76,24067.75,28881.3,5.37,2026-02-28,gse-2026-02.pdf
Finance,FAB,7.84,7.84,7.71,378.23,2965.33,7.54,2026-02-28,gse-2026-02.pdf
Finance,GCB,38.25,38.25,20.11,265.0,10136.25,5.86,2026-02-28,gse-2026-02.pdf
Finance,MAC,5.2,5.2,5.2,9.95,51.73,,2026-02-28,gse-2026-02.pdf
Finance,RBGH,2.39,2.39,1.3,851.97,2036.2,7.07,2026-02-28,gse-2026-02.pdf
Finance,SCB,39.05,39.05,29.22,134.76,5262.32,7.76,2026-02-28,gse-2026-02.pdf
Finance,SCBPREF,0.9,0.9,0.9,0.9,17.48,15.73,2026-02-28,gse-2026-02.pdf
Finance,SOGEGH,10.4,10.4,4.49,709.14,7375.07,16.07,2026-02-28,gse-2026-02.pdf
Finance,TBL,1.2,1.2,1.2,200.0,240.0,4.59,2026-02-28,gse-2026-02.pdf
Distribution,GOIL,4.35,4.35,2.96,391.86,1704.6,19.84,2026-02-28,gse-2026-02.pdf
Distribution,TOTAL,40.15,40.3,40.15,111.87,4491.74,13.72,2026-02-28,gse-2026-02.pdf
Food And Beverage,CPC,0.07,0.07,0.05,2038.07,142.67,,2026-02-28,gse-2026-02.pdf
Food And Beverage,FML,15.35,15.35,8.0,116.21,1783.78,26.46,2026-02-28,gse-2026-02.pdf
Food And Beverage,GGBL,13.75,13.75,6.6,307.59,4229.43,17.99,2026-02-28,gse-2026-02.pdf
Food And Beverage,HORDS,0.1,0.1,0.1,114.95,11.49,71.89,2026-02-28,gse-2026-02.pdf
Food And Beverage,SAMBA,0.55,0.55,0.55,5.98,3.29,,2026-02-28,gse-2026-02.pdf
Ict,CLYD,0.74,0.74,0.46,34.0,25.16,11.5,2026-02-28,gse-2026-02.pdf
Ict,MTNGH,5.56,5.64,4.2,13236.18,73593.13,9.39,2026-02-28,gse-2026-02.pdf
Insurance,EGL,7.48,7.48,3.48,170.89,1278.28,6.32,2026-02-28,gse-2026-02.pdf
Insurance,SIC,3.9,3.9,1.2,195.65,763.02,10.97,2026-02-28,gse-2026-02.pdf
Manufacturing,CMLT,0.14,0.14,0.14,6.83,0.96,0.26,2026-02-28,gse-2026-02.pdf
Manufacturing,IIL,0.05,0.05,0.05,274.41,13.72,,2026-02-28,gse-2026-02.pdf
Manufacturing,UNIL,26.96,26.96,19.79,62.5,1685.0,17.86,2026-02-28,gse-2026-02.pdf
Mining,AADS,0.42,0.42,0.42,0.98,41.11,0.66,2026-02-28,gse-2026-02.pdf
Mining,AGA,37.0,37.0,37.0,504.04,18649.33,0.58,2026-02-28,gse-2026-02.pdf
Mining,ALLGH,6.4,6.4,6.12,693.15,4436.14,,2026-02-28,gse-2026-02.pdf
Mining,ASG,8.89,8.89,8.89,902.25,8021.04,,2026-02-28,gse-2026-02.pdf
Mining,TLW,11.92,11.92,11.92,1475.02,17582.27,,2026-02-28,gse-2026-02.pdf
Mining,BOPP,72.6,72.6,55.82,34.8,2526.48,30.0,2026-02-28,gse-2026-02.pdf
Mining,GLD,533.93,533.93,466.72,3.4,1815.36,,2026-02-28,gse-2026-02.pdf
Education,MMH,0.1,0.1,0.1,96.08,9.61,,2026-02-28,gse-2026-02.pdf
Education,DIGICUT,0.09,0.09,0.09,118.89,10.7,,2026-02-28,gse-2026-02.pdf
Finance,ACCESS,46.62,46.64,16.2,173.95,8109.44,13.74,2026-03-31,gse-2026-03.pdf
Finance,ADB,5.06,5.06,5.06,1652.68,8362.57,22.22,2026-03-31,gse-2026-03.pdf
Finance,CAL,0.69,0.94,0.61,4232.95,2920.73,9.58,2026-03-31,gse-2026-03.pdf
Finance,EGH,49.5,57.0,25.0,322.55,15966.28,8.76,2026-03-31,gse-2026-03.pdf
Finance,ETI,1.49,2.82,0.76,24067.75,35860.95,6.67,2026-03-31,gse-2026-03.pdf
Finance,FAB,7.84,7.84,7.71,378.23,2965.33,6.15,2026-03-31,gse-2026-03.pdf
Finance,GCB,27.06,52.0,20.11,265.0,7170.9,3.48,2026-03-31,gse-2026-03.pdf
Finance,MAC,5.2,5.2,5.2,9.95,51.73,,2026-03-31,gse-2026-03.pdf
Finance,RBGH,4.71,5.38,1.3,851.97,4012.76,13.94,2026-03-31,gse-2026-03.pdf
Finance,SCB,71.4,79.41,29.22,134.76,9621.76,11.96,2026-03-31,gse-2026-03.pdf
Finance,SCBPREF,0.9,0.9,0.9,17.48,15.73,,2026-03-31,gse-2026-03.pdf
Finance,SOGEGH,6.49,11.51,4.49,709.14,4602.33,11.59,2026-03-31,gse-2026-03.pdf
Finance,TBL,1.2,1.2,1.2,200.0,240.0,4.59,2026-03-31,gse-2026-03.pdf
Distribution,GOIL,7.84,7.88,2.96,391.86,3072.21,35.76,2026-03-31,gse-2026-03.pdf
Distribution,TOTAL,34.64,40.3,34.64,111.87,3875.32,11.84,2026-03-31,gse-2026-03.pdf
Food And Beverage,CPC,0.11,0.11,0.05,2038.07,224.19,,2026-03-31,gse-2026-03.pdf
Food And Beverage,FML,12.98,16.35,8.0,116.21,1508.37,22.37,2026-03-31,gse-2026-03.pdf
Food And Beverage,GGBL,15.94,16.5,6.6,307.59,4903.06,20.86,2026-03-31,gse-2026-03.pdf
Food And Beverage,HORDS,0.1,0.1,0.09,114.95,11.49,71.89,2026-03-31,gse-2026-03.pdf
Food And Beverage,SAMBA,0.55,0.55,0.55,5.98,3.29,,2026-03-31,gse-2026-03.pdf
Ict,CLYD,0.99,0.9,0.46,34.0,33.66,15.39,2026-03-31,gse-2026-03.pdf
Ict,MTNGH,5.4,6.53,4.2,13236.18,71475.35,9.12,2026-03-31,gse-2026-03.pdf
Insurance,EGL,11.77,12.16,3.48,170.89,2011.41,9.94,2026-03-31,gse-2026-03.pdf
Insurance,SIC,3.3,6.99,1.2,195.65,645.63,9.29,2026-03-31,gse-2026-03.pdf
Manufacturing,CMLT,0.14,0.14,0.14,6.83,0.96,0.26,2026-03-31,gse-2026-03.pdf
Manufacturing,IIL,0.05,0.05,0.05,274.41,13.72,,2026-03-31,gse-2026-03.pdf
Manufacturing,UNIL,28.46,28.46,19.79,62.5,1778.75,18.85,2026-03-31,gse-2026-03.pdf
Mining,AADS,0.42,0.42,0.42,0.98,41.11,0.66,2026-03-31,gse-2026-03.pdf
Mining,AGA,37.0,37.0,37.0,504.33,18660.31,0.58,2026-03-31,gse-2026-03.pdf
Mining,ALLGH,6.55,6.55,6.12,693.15,4540.11,,2026-03-31,gse-2026-03.pdf
Mining,ASG,8.89,8.89,8.89,902.25,8021.04,,2026-03-31,gse-2026-03.pdf
Mining,TLW,11.92,11.92,11.92,1475.02,17582.27,,2026-03-31,gse-2026-03.pdf
Mining,BOPP,100.0,100.0,55.82,34.8,3480.0,41.32,2026-03-31,gse-2026-03.pdf
Mining,GLD,546.0,533.93,466.72,3.4,1856.4,,2026-03-31,gse-2026-03.pdf
Education,MMH,0.1,0.1,0.1,96.08,9.61,,2026-03-31,gse-2026-03.pdf
Education,DIGICUT,0.09,0.09,0.09,118.89,10.7,,2026-03-31,gse-2026-03.pdf
Finance,ACCESS,31.9,46.64,16.2,173.95,5548.93,12.17,2026-06-30,gse-2026-06.pdf
Finance,ADB,5.3,5.3,5.06,1652.68,8759.21,21.58,2026-06-30,gse-2026-06.pdf
Finance,CAL,0.78,0.94,0.61,4232.95,3301.7,7.73,2026-06-30,gse-2026-06.pdf
Finance,EGH,33.67,57.0,25.0,322.55,10860.3,6.18,2026-06-30,gse-2026-06.pdf
Finance,ETI,2.27,2.82,0.76,24067.75,54633.8,8.83,2026-06-30,gse-2026-06.pdf
Finance,FAB,8.4,8.4,7.71,378.23,3177.14,8.42,2026-06-30,gse-2026-06.pdf
Finance,GCB,40.0,52.0,20.11,265.0,10600.0,4.56,2026-06-30,gse-2026-06.pdf
Finance,MAC,5.2,5.2,5.2,9.95,51.73,,2026-06-30,gse-2026-06.pdf
Finance,RBGH,4.39,5.58,1.3,851.97,3740.13,19.18,2026-06-30,gse-2026-06.pdf
Finance,SCB,71.0,79.41,29.22,134.76,9567.85,13.64,2026-06-30,gse-2026-06.pdf
Finance,SCBPREF,0.9,0.9,0.9,17.48,15.73,,2026-06-30,gse-2026-06.pdf
Finance,SOGEGH,6.81,11.51,4.49,709.14,4829.25,23.36,2026-06-30,gse-2026-06.pdf
Finance,TBL,1.2,1.2,1.2,200.0,240.0,4.33,2026-06-30,gse-2026-06.pdf
Distribution,GOIL,7.5,8.01,2.96,391.86,2938.97,14.07,2026-06-30,gse-2026-06.pdf
Distribution,PBC,0.02,0.02,0.02,480.0,9.6,,2026-06-30,gse-2026-06.pdf
Distribution,TOTAL,39.6,40.3,32.91,111.87,4430.21,18.34,2026-06-30,gse-2026-06.pdf
Distribution,ZEN,10.99,12.61,5.0,640.0,7033.6,,2026-06-30,gse-2026-06.pdf
Food And Beverage,CPC,0.13,0.13,0.05,2038.07,264.95,,2026-06-30,gse-2026-06.pdf
Food And Beverage,FML,13.34,16.35,8.0,116.21,1550.21,14.03,2026-06-30,gse-2026-06.pdf
Food And Beverage,GGBL,11.99,16.5,6.6,307.59,3688.06,14.96,2026-06-30,gse-2026-06.pdf
Food And Beverage,HORDS,0.11,0.11,0.09,114.95,12.64,79.71,2026-06-30,gse-2026-06.pdf
Food And Beverage,KASA,1.88,2.3,1.2,4133.33,7770.67,,2026-06-30,gse-2026-06.pdf
Food And Beverage,SAMBA,0.55,0.55,0.55,5.98,3.29,12.4,2026-06-30,gse-2026-06.pdf
Ict,CLYD,2.95,2.95,0.46,34.0,100.3,216.18,2026-06-30,gse-2026-06.pdf
Ict,MTNGH,6.41,6.8,4.2,13236.18,84843.88,8.55,2026-06-30,gse-2026-06.pdf
Insurance,EGL,10.05,12.16,3.48,170.89,1717.47,8.11,2026-06-30,gse-2026-06.pdf
Insurance,SIC,6.01,6.09,1.2,195.65,1175.83,13.4,2026-06-30,gse-2026-06.pdf
Manufacturing,CMLT,0.14,0.14,0.14,6.83,0.96,0.29,2026-06-30,gse-2026-06.pdf
Manufacturing,IIL,0.18,0.18,0.05,274.41,49.39,,2026-06-30,gse-2026-06.pdf
Manufacturing,UNIL,29.5,30.0,19.79,62.5,1843.75,7.86,2026-06-30,gse-2026-06.pdf
Manufacturing,ALW,0.1,0.1,0.1,236.69,23.67,,2026-06-30,gse-2026-06.pdf
Mining,AADS,0.42,0.42,0.42,0.98,41.11,0.33,2026-06-30,gse-2026-06.pdf
Mining,AGA,37.0,37.0,37.0,504.33,18660.31,0.29,2026-06-30,gse-2026-06.pdf
Mining,ALLGH,8.46,8.46,6.12,693.15,5864.03,,2026-06-30,gse-2026-06.pdf
Mining,ASG,8.89,8.89,8.89,902.25,8021.04,,2026-06-30,gse-2026-06.pdf
Mining,TLW,11.92,11.92,11.92,1485.02,17701.47,,2026-06-30,gse-2026-06.pdf
Mining,BOPP,79.99,100.0,55.82,34.8,2783.65,36.45,2026-06-30,gse-2026-06.pdf
Mining,GLD,462.0,533.93,466.72,3.4,1570.8,,2026-06-30,gse-2026-06.pdf
Education,MMH,0.11,0.11,0.1,96.08,10.57,,2026-06-30,gse-2026-06.pdf
Education,DIGICUT,0.09,0.09,0.09,118.89,10.7,,2026-06-30,gse-2026-06.pdf
Finance,ACCESS,31.9,46.64,16.2,173.95,5548.93,10.11,2026-07-31,gse-2026-07.pdf
Finance,ADB,5.3,5.3,5.06,1652.68,8759.21,22.73,2026-07-31,gse-2026-07.pdf
Finance,CAL,0.79,0.94,0.61,4232.95,3344.03,7.24,2026-07-31,gse-2026-07.pdf
Finance,EGH,39.0,57.0,25.0,322.55,12579.5,7.24,2026-07-31,gse-2026-07.pdf
Finance,ETI,1.93,2.82,0.76,24067.75,46450.77,7.08,2026-07-31,gse-2026-07.pdf
Finance,FAB,8.4,8.4,7.71,378.23,3177.14,10.07,2026-07-31,gse-2026-07.pdf
Finance,GCB,43.2,52.0,20.11,265.0,11448.0,4.68,2026-07-31,gse-2026-07.pdf
Finance,MAC,5.2,5.2,5.2,9.95,51.73,,2026-07-31,gse-2026-07.pdf
Finance,RBGH,4.2,5.58,1.3,851.97,3578.26,17.87,2026-07-31,gse-2026-07.pdf
Finance,SCB,70.0,79.41,29.22,134.76,9433.09,14.74,2026-07-31,gse-2026-07.pdf
Finance,SCBPREF,0.99,0.99,0.9,17.48,17.31,,2026-07-31,gse-2026-07.pdf
Finance,SOGEGH,6.8,11.51,4.49,709.14,4822.16,18.81,2026-07-31,gse-2026-07.pdf
Finance,TBL,1.2,1.2,1.2,200.0,240.0,4.33,2026-07-31,gse-2026-07.pdf
Distribution,GOIL,7.96,8.01,2.96,391.86,3119.23,14.93,2026-07-31,gse-2026-07.pdf
Distribution,PBC,0.02,0.02,0.02,480.0,9.6,,2026-07-31,gse-2026-07.pdf
Distribution,TOTAL,39.94,42.0,32.91,111.87,4468.25,18.5,2026-07-31,gse-2026-07.pdf
Distribution,ZEN,10.0,12.61,5.0,640.0,6400.0,16.57,2026-07-31,gse-2026-07.pdf
Food And Beverage,CPC,0.17,0.17,0.05,2038.07,346.47,,2026-07-31,gse-2026-07.pdf
Food And Beverage,FML,13.3,16.35,8.0,116.21,1545.56,13.99,2026-07-31,gse-2026-07.pdf
Food And Beverage,GGBL,11.91,16.5,6.6,307.59,3663.45,13.02,2026-07-31,gse-2026-07.pdf
Food And Beverage,HORDS,0.39,0.39,0.09,114.95,44.83,282.6,2026-07-31,gse-2026-07.pdf
Food And Beverage,KASA,2.0,2.3,1.2,4133.33,8266.67,22.24,2026-07-31,gse-2026-07.pdf
Food And Beverage,SAMBA,0.55,0.55,0.55,5.98,3.29,12.4,2026-07-31,gse-2026-07.pdf
Ict,CLYD,4.75,4.75,0.46,34.0,161.5,285.59,2026-07-31,gse-2026-07.pdf
Ict,MTNGH,7.14,7.15,4.2,13236.18,94506.29,9.53,2026-07-31,gse-2026-07.pdf
Insurance,EGL,10.04,12.16,3.48,170.89,1715.76,4.19,2026-07-31,gse-2026-07.pdf
Insurance,SIC,5.74,6.09,1.2,195.65,1123.0,12.8,2026-07-31,gse-2026-07.pdf
Manufacturing,CMLT,0.14,0.14,0.14,6.83,0.96,0.29,2026-07-31,gse-2026-07.pdf
Manufacturing,IIL,0.84,0.93,0.05,375.07,315.06,897.39,2026-07-31,gse-2026-07.pdf
Manufacturing,UNIL,29.5,30.0,19.79,62.5,1843.75,7.34,2026-07-31,gse-2026-07.pdf
Manufacturing,ALW,0.1,0.1,0.1,236.69,23.67,,2026-07-31,gse-2026-07.pdf
Mining,AADS,0.42,0.42,0.42,0.98,41.11,0.33,2026-07-31,gse-2026-07.pdf
Mining,AGA,37.0,37.0,37.0,506.77,18750.39,0.29,2026-07-31,gse-2026-07.pdf
Mining,ALLGH,6.37,8.46,6.12,693.15,4415.35,,2026-07-31,gse-2026-07.pdf
Mining,ASG,8.89,8.89,8.89,902.25,8021.04,,2026-07-31,gse-2026-07.pdf
Mining,TLW,13.11,13.11,11.92,1515.02,19861.95,,2026-07-31,gse-2026-07.pdf
Mining,BOPP,79.99,100.0,55.82,34.8,2783.65,29.89,2026-07-31,gse-2026-07.pdf
Mining,GLD,462.39,533.93,466.72,3.4,1572.13,,2026-07-31,gse-2026-07.pdf
Education,MMH,0.11,0.11,0.1,96.08,10.57,,2026-07-31,gse-2026-07.pdf
Education,DIGICUT,0.09,0.09,0.09,118.89,10.7,,2026-07-31,gse-2026-07.pdf
