broker,value_traded_ghs,value_share_pct,volume_traded,volume_share_pct,as_of,source
IC SECURITIES,221459646.34,68.08,28434243.0,61.08,2025-02-28,gse-2025-02.pdf
BLACKSTAR BROKERAGE,37891801.86,11.65,6361410.0,13.66,2025-02-28,gse-2025-02.pdf
DATABANK BROKERAGE LIMITED,29151193.98,8.96,4950917.0,10.63,2025-02-28,gse-2025-02.pdf
SBG SECURITIES,17101863.08,5.26,2096875.0,4.5,2025-02-28,gse-2025-02.pdf
LAURUS SECURITIES,10123503.28,3.11,506030.0,1.09,2025-02-28,gse-2025-02.pdf
UMB STOCKBROKERS,2611339.72,0.8,1058268.0,2.27,2025-02-28,gse-2025-02.pdf
SIC BROKERAGE,2119571.66,0.65,521485.0,1.12,2025-02-28,gse-2025-02.pdf
REPUBLIC SECURITIES,1465483.37,0.45,1040669.0,2.24,2025-02-28,gse-2025-02.pdf
STRATEGIC AFRICAN SECURITIES,1438010.6,0.44,523130.0,1.12,2025-02-28,gse-2025-02.pdf
TEAK TREE BROKERAGE,608124.57,0.19,414107.0,0.89,2025-02-28,gse-2025-02.pdf
EDC STOCKBROKERS,369798.26,0.11,176351.0,0.38,2025-02-28,gse-2025-02.pdf
FIRSTBANC BROKERAGE,256973.38,0.08,89744.0,0.19,2025-02-28,gse-2025-02.pdf
FIRSTATLANTIC BROKERAGE LIMITED,218928.91,0.07,55580.0,0.12,2025-02-28,gse-2025-02.pdf
CONSTANT CAPITAL LIMITED,160823.02,0.05,67160.0,0.14,2025-02-28,gse-2025-02.pdf
CHAPELHILL DENHAM SECURITIES,135847.77,0.04,49194.0,0.11,2025-02-28,gse-2025-02.pdf
NTHC SECURITIES,122186.25,0.04,199904.0,0.43,2025-02-28,gse-2025-02.pdf
BULLION SECURITIES LIMITED,36200.8,0.01,9784.0,0.02,2025-02-28,gse-2025-02.pdf
CDH SECURITIES,7489.35,0.0,1325.0,0.0,2025-02-28,gse-2025-02.pdf
IC SECURITIES,197778299.17,48.98,19566490.0,44.57,2025-03-31,gse-2025-03.pdf
CONSTANT CAPITAL LIMITED,111096874.63,27.51,426560.0,0.97,2025-03-31,gse-2025-03.pdf
BLACKSTAR BROKERAGE,24636515.33,6.1,7472398.0,17.02,2025-03-31,gse-2025-03.pdf
STRATEGIC AFRICAN SECURITIES,12774090.07,3.16,713970.0,1.63,2025-03-31,gse-2025-03.pdf
DATABANK BROKERAGE LIMITED,12712889.23,3.15,5235578.0,11.93,2025-03-31,gse-2025-03.pdf
EDC STOCKBROKERS,10668564.87,2.64,691431.0,1.57,2025-03-31,gse-2025-03.pdf
CHAPELHILL DENHAM SECURITIES,9469053.87,2.34,2045429.0,4.66,2025-03-31,gse-2025-03.pdf
SBG SECURITIES,7157787.21,1.77,1708996.0,3.89,2025-03-31,gse-2025-03.pdf
LAURUS SECURITIES,5252954.98,1.3,764435.0,1.74,2025-03-31,gse-2025-03.pdf
REPUBLIC SECURITIES,3131726.42,0.78,1618242.0,3.69,2025-03-31,gse-2025-03.pdf
NTHC SECURITIES,2436417.77,0.6,319745.0,0.73,2025-03-31,gse-2025-03.pdf
TEAK TREE BROKERAGE,1967794.26,0.49,681225.0,1.55,2025-03-31,gse-2025-03.pdf
SIC BROKERAGE,1926009.11,0.48,1309119.0,2.98,2025-03-31,gse-2025-03.pdf
UMB STOCKBROKERS,1625997.7,0.4,621570.0,1.42,2025-03-31,gse-2025-03.pdf
AMBER SECURTIES,670933.36,0.17,361317.0,0.82,2025-03-31,gse-2025-03.pdf
FIRSTBANC BROKERAGE,201494.44,0.05,127340.0,0.29,2025-03-31,gse-2025-03.pdf
FIRSTATLANTIC BROKERAGE LIMITED,199839.85,0.05,140441.0,0.32,2025-03-31,gse-2025-03.pdf
CDH SECURITIES,97705.0,0.02,93217.0,0.21,2025-03-31,gse-2025-03.pdf
BULLION SECURITIES LIMITED,21127.25,0.01,6433.0,0.01,2025-03-31,gse-2025-03.pdf
IC SECURITIES,192765120.91,66.52,31140957.0,68.07,2025-04-30,gse-2025-04.pdf
SBG SECURITIES,31247601.45,10.78,3291465.0,7.19,2025-04-30,gse-2025-04.pdf
DATABANK BROKERAGE LIMITED,26366405.41,9.1,3830904.0,8.37,2025-04-30,gse-2025-04.pdf
BLACKSTAR BROKERAGE,14553665.86,5.02,335035.0,0.73,2025-04-30,gse-2025-04.pdf
REPUBLIC SECURITIES,5950262.82,2.05,1553881.0,3.4,2025-04-30,gse-2025-04.pdf
LAURUS SECURITIES,3910535.85,1.35,1621155.0,3.54,2025-04-30,gse-2025-04.pdf
STRATEGIC AFRICAN SECURITIES,3506123.05,1.21,490777.0,1.07,2025-04-30,gse-2025-04.pdf
TEAK TREE BROKERAGE,3276927.87,1.13,729704.0,1.59,2025-04-30,gse-2025-04.pdf
CONSTANT CAPITAL LIMITED,1930540.41,0.67,536809.0,1.17,2025-04-30,gse-2025-04.pdf
SIC BROKERAGE,1824751.55,0.63,390804.0,0.85,2025-04-30,gse-2025-04.pdf
EDC STOCKBROKERS,1671131.68,0.58,651034.0,1.42,2025-04-30,gse-2025-04.pdf
UMB STOCKBROKERS,1577086.75,0.54,581496.0,1.27,2025-04-30,gse-2025-04.pdf
NTHC SECURITIES,785703.97,0.27,484267.0,1.06,2025-04-30,gse-2025-04.pdf
FIRSTBANC BROKERAGE,345962.59,0.12,87712.0,0.19,2025-04-30,gse-2025-04.pdf
BULLION SECURITIES LIMITED,64470.0,0.02,21490.0,0.05,2025-04-30,gse-2025-04.pdf
FIRSTATLANTIC BROKERAGE LIMITED,11418.39,0.0,439.0,0.0,2025-04-30,gse-2025-04.pdf
CHAPELHILL DENHAM SECURITIES,7532.28,0.0,2443.0,0.01,2025-04-30,gse-2025-04.pdf
AMBER SECURTIES,978.0,0.0,326.0,0.0,2025-04-30,gse-2025-04.pdf
CDH SECURITIES,506.0,0.0,100.0,0.0,2025-04-30,gse-2025-04.pdf
IC SECURITIES,108531139.75,42.3,32192069.0,50.02,2025-06-30,gse-2025-06.pdf
DATABANK BROKERAGE LIMITED,70917689.41,27.64,13078686.0,20.32,2025-06-30,gse-2025-06.pdf
SBG SECURITIES,30298029.66,11.81,8957062.0,13.92,2025-06-30,gse-2025-06.pdf
LAURUS SECURITIES,18524331.45,7.22,2298335.0,3.57,2025-06-30,gse-2025-06.pdf
REPUBLIC SECURITIES,10364483.0,4.04,2959406.0,4.6,2025-06-30,gse-2025-06.pdf
BLACKSTAR BROKERAGE,5743480.32,2.24,1697989.0,2.64,2025-06-30,gse-2025-06.pdf
CONSTANT CAPITAL LIMITED,3126952.23,1.22,921595.0,1.43,2025-06-30,gse-2025-06.pdf
UMB STOCKBROKERS,2920546.28,1.14,574757.0,0.89,2025-06-30,gse-2025-06.pdf
STRATEGIC AFRICAN SECURITIES,2394922.16,0.93,510690.0,0.79,2025-06-30,gse-2025-06.pdf
SIC BROKERAGE,1178689.67,0.46,441119.0,0.69,2025-06-30,gse-2025-06.pdf
FIRSTATLANTIC BROKERAGE LIMITED,925118.13,0.36,176523.0,0.27,2025-06-30,gse-2025-06.pdf
TEAK TREE BROKERAGE,689916.35,0.27,99168.0,0.15,2025-06-30,gse-2025-06.pdf
EDC STOCKBROKERS,375575.67,0.15,249487.0,0.39,2025-06-30,gse-2025-06.pdf
BULLION SECURITIES LIMITED,216227.52,0.08,53937.0,0.08,2025-06-30,gse-2025-06.pdf
FIRSTBANC BROKERAGE,197895.85,0.08,74853.0,0.12,2025-06-30,gse-2025-06.pdf
CDH SECURITIES,104118.25,0.04,35575.0,0.06,2025-06-30,gse-2025-06.pdf
NTHC SECURITIES,65055.64,0.03,34677.0,0.05,2025-06-30,gse-2025-06.pdf
CHAPELHILL DENHAM SECURITIES,9204.24,0.0,2516.0,0.0,2025-06-30,gse-2025-06.pdf
FINCAP SECURITIES LIMITED,0.0,0.0,0.0,0.0,2025-06-30,gse-2025-06.pdf
AMBER SECURTIES,0.0,0.0,0.0,0.0,2025-06-30,gse-2025-06.pdf
PETRA SECURITIES LIMITED,0.0,0.0,0.0,0.0,2025-06-30,gse-2025-06.pdf
SARPONG CAPITAL MARKETS LIMITED,0.0,0.0,0.0,0.0,2025-06-30,gse-2025-06.pdf
SERENGETI CAPITAL MARKETS LIMITED,0.0,0.0,0.0,0.0,2025-06-30,gse-2025-06.pdf
SBG SECURITIES,2565565000.87,74.13,495216555.0,69.13,2025-07-31,gse-2025-07.pdf
IC SECURITIES,691302148.65,19.97,197366189.0,27.55,2025-07-31,gse-2025-07.pdf
BLACKSTAR BROKERAGE,82076898.16,2.37,1789993.0,0.25,2025-07-31,gse-2025-07.pdf
DATABANK BROKERAGE LIMITED,76299322.91,2.2,9178610.0,1.28,2025-07-31,gse-2025-07.pdf
LAURUS SECURITIES,11218119.69,0.32,3614727.0,0.5,2025-07-31,gse-2025-07.pdf
UMB STOCKBROKERS,10179818.03,0.29,2874110.0,0.4,2025-07-31,gse-2025-07.pdf
REPUBLIC SECURITIES,9146718.53,0.26,2509816.0,0.35,2025-07-31,gse-2025-07.pdf
EDC STOCKBROKERS,6043593.5,0.17,1875985.0,0.26,2025-07-31,gse-2025-07.pdf
CONSTANT CAPITAL LIMITED,2222036.07,0.06,82888.0,0.01,2025-07-31,gse-2025-07.pdf
STRATEGIC AFRICAN SECURITIES,2104376.56,0.06,581787.0,0.08,2025-07-31,gse-2025-07.pdf
FIRSTATLANTIC BROKERAGE LIMITED,1691637.13,0.05,196683.0,0.03,2025-07-31,gse-2025-07.pdf
TEAK TREE BROKERAGE,1577789.62,0.05,678788.0,0.09,2025-07-31,gse-2025-07.pdf
SIC BROKERAGE,835627.98,0.02,276118.0,0.04,2025-07-31,gse-2025-07.pdf
AMBER SECURTIES,296900.0,0.01,14000.0,0.0,2025-07-31,gse-2025-07.pdf
NTHC SECURITIES,159955.05,0.0,94806.0,0.01,2025-07-31,gse-2025-07.pdf
BULLION SECURITIES LIMITED,123106.07,0.0,19970.0,0.0,2025-07-31,gse-2025-07.pdf
FIRSTBANC BROKERAGE,88109.96,0.0,21589.0,0.0,2025-07-31,gse-2025-07.pdf
CHAPELHILL DENHAM SECURITIES,26120.5,0.0,3050.0,0.0,2025-07-31,gse-2025-07.pdf
CDH SECURITIES,3050.78,0.0,822.0,0.0,2025-07-31,gse-2025-07.pdf
PETRA SECURITIES LIMITED,0.0,0.0,0.0,0.0,2025-07-31,gse-2025-07.pdf
FINCAP SECURITES LIMITED,0.0,0.0,0.0,0.0,2025-07-31,gse-2025-07.pdf
SARPONG CAPITAL MARKETS LIMITED,0.0,0.0,0.0,0.0,2025-07-31,gse-2025-07.pdf
SERENGETI CAPITAL MARKETS LIMITED,0.0,0.0,0.0,0.0,2025-07-31,gse-2025-07.pdf
IC SECURITIES,269564137.31,66.19,67398653.0,73.43,2025-08-31,gse-2025-08.pdf
DATABANK BROKERAGE LIMITED,35848192.87,8.8,5690997.0,6.2,2025-08-31,gse-2025-08.pdf
SBG SECURITIES,28700447.83,7.05,1243610.0,1.35,2025-08-31,gse-2025-08.pdf
STRATEGIC AFRICAN SECURITIES,20732197.7,5.09,5547631.0,6.04,2025-08-31,gse-2025-08.pdf
BLACKSTAR BROKERAGE,18114780.48,4.45,1116065.0,1.22,2025-08-31,gse-2025-08.pdf
UMB STOCKBROKERS,10032625.02,2.46,2524347.0,2.75,2025-08-31,gse-2025-08.pdf
CONSTANT CAPITAL LIMITED,6558563.6,1.61,1678040.0,1.83,2025-08-31,gse-2025-08.pdf
LAURUS SECURITIES,4672199.36,1.15,573405.0,0.62,2025-08-31,gse-2025-08.pdf
SIC BROKERAGE,3238716.51,0.8,837817.0,0.91,2025-08-31,gse-2025-08.pdf
REPUBLIC SECURITIES,2959846.4,0.73,1487228.0,1.62,2025-08-31,gse-2025-08.pdf
TEAK TREE BROKERAGE,2389198.7,0.59,1087595.0,1.18,2025-08-31,gse-2025-08.pdf
EDC STOCKBROKERS,2027320.8,0.5,1033646.0,1.13,2025-08-31,gse-2025-08.pdf
BULLION SECURITIES LIMITED,953622.97,0.23,1034938.0,1.13,2025-08-31,gse-2025-08.pdf
NTHC SECURITIES,617593.74,0.15,321015.0,0.35,2025-08-31,gse-2025-08.pdf
AMBER SECURTIES,463192.28,0.11,107916.0,0.12,2025-08-31,gse-2025-08.pdf
FIRSTATLANTIC BROKERAGE LIMITED,192470.0,0.05,53657.0,0.06,2025-08-31,gse-2025-08.pdf
FIRSTBANC BROKERAGE,114354.75,0.03,25492.0,0.03,2025-08-31,gse-2025-08.pdf
CHAPELHILL DENHAM SECURITIES,77750.12,0.02,27540.0,0.03,2025-08-31,gse-2025-08.pdf
CDH SECURITIES,2842.0,0.0,1320.0,0.0,2025-08-31,gse-2025-08.pdf
PETRA SECURITIES LIMITED,0.0,0.0,0.0,0.0,2025-08-31,gse-2025-08.pdf
FINCAP SECURITES LIMITED,0.0,0.0,0.0,0.0,2025-08-31,gse-2025-08.pdf
SARPONG CAPITAL MARKETS LIMITED,0.0,0.0,0.0,0.0,2025-08-31,gse-2025-08.pdf
SERENGETI CAPITAL MARKETS LIMITED,0.0,0.0,0.0,0.0,2025-08-31,gse-2025-08.pdf
IC SECURITIES,168749109.96,44.57,44588841.0,48.48,2025-09-30,gse-2025-09.pdf
LAURUS SECURITIES,61252028.62,16.18,16986396.0,18.47,2025-09-30,gse-2025-09.pdf
DATABANK BROKERAGE LIMITED,50261474.07,13.28,8997619.0,9.78,2025-09-30,gse-2025-09.pdf
SBG SECURITIES,40193538.06,10.62,8821022.0,9.59,2025-09-30,gse-2025-09.pdf
BLACKSTAR BROKERAGE,19067338.04,5.04,1552096.0,1.69,2025-09-30,gse-2025-09.pdf
EDC STOCKBROKERS,14688927.53,3.88,3801250.0,4.13,2025-09-30,gse-2025-09.pdf
STRATEGIC AFRICAN SECURITIES,5986734.94,1.58,1574446.0,1.71,2025-09-30,gse-2025-09.pdf
REPUBLIC SECURITIES,5042733.11,1.33,1196104.0,1.3,2025-09-30,gse-2025-09.pdf
CONSTANT CAPITAL LIMITED,3684210.23,0.97,976824.0,1.06,2025-09-30,gse-2025-09.pdf
TEAK TREE BROKERAGE,2414993.53,0.64,421817.0,0.46,2025-09-30,gse-2025-09.pdf
FINCAP SECURITES LIMITED,1802341.5,0.48,414310.0,0.45,2025-09-30,gse-2025-09.pdf
UMB STOCKBROKERS,1518427.11,0.4,1010440.0,1.1,2025-09-30,gse-2025-09.pdf
SIC BROKERAGE,1348851.36,0.36,298402.0,0.32,2025-09-30,gse-2025-09.pdf
FIRSTATLANTIC BROKERAGE LIMITED,859115.24,0.23,209427.0,0.23,2025-09-30,gse-2025-09.pdf
BULLION SECURITIES LIMITED,743569.59,0.2,705113.0,0.77,2025-09-30,gse-2025-09.pdf
NTHC SECURITIES,740793.54,0.2,229291.0,0.25,2025-09-30,gse-2025-09.pdf
FIRSTBANC BROKERAGE,168592.06,0.04,170991.0,0.19,2025-09-30,gse-2025-09.pdf
CHAPELHILL DENHAM SECURITIES,33518.71,0.01,8329.0,0.01,2025-09-30,gse-2025-09.pdf
AMBER SECURTIES,27835.22,0.01,3766.0,0.0,2025-09-30,gse-2025-09.pdf
PETRA SECURITIES LIMITED,0.0,0.0,0.0,0.0,2025-09-30,gse-2025-09.pdf
CDH SECURITIES,0.0,0.0,0.0,0.0,2025-09-30,gse-2025-09.pdf
SARPONG CAPITAL MARKETS LIMITED,0.0,0.0,0.0,0.0,2025-09-30,gse-2025-09.pdf
SERENGETI CAPITAL MARKETS LIMITED,0.0,0.0,0.0,0.0,2025-09-30,gse-2025-09.pdf
SBG SECURITIES,200544638.22,46.16,15618046.0,17.7,2025-10-31,gse-2025-10.pdf
IC SECURITIES,141822581.13,32.65,41671925.0,47.22,2025-10-31,gse-2025-10.pdf
DATABANK BROKERAGE LIMITED,27100351.89,6.24,5793253.0,6.56,2025-10-31,gse-2025-10.pdf
BLACKSTAR BROKERAGE,22341856.71,5.14,5703477.0,6.46,2025-10-31,gse-2025-10.pdf
EDC STOCKBROKERS,9251132.96,2.13,8075815.0,9.15,2025-10-31,gse-2025-10.pdf
REPUBLIC SECURITIES,9060478.53,2.09,3373245.0,3.82,2025-10-31,gse-2025-10.pdf
CONSTANT CAPITAL LIMITED,5658723.9,1.3,832168.0,0.94,2025-10-31,gse-2025-10.pdf
SIC BROKERAGE,4116791.82,0.95,372351.0,0.42,2025-10-31,gse-2025-10.pdf
LAURUS SECURITIES,3872785.27,0.89,2731721.0,3.1,2025-10-31,gse-2025-10.pdf
TEAK TREE BROKERAGE,2769650.61,0.64,1265258.0,1.43,2025-10-31,gse-2025-10.pdf
UMB STOCKBROKERS,2722704.59,0.63,866107.0,0.98,2025-10-31,gse-2025-10.pdf
STRATEGIC AFRICAN SECURITIES,2322206.39,0.53,779299.0,0.88,2025-10-31,gse-2025-10.pdf
BULLION SECURITIES LIMITED,857575.79,0.2,630116.0,0.71,2025-10-31,gse-2025-10.pdf
AMBER SECURTIES,568277.22,0.13,99660.0,0.11,2025-10-31,gse-2025-10.pdf
FIRSTBANC BROKERAGE,382314.15,0.09,112206.0,0.13,2025-10-31,gse-2025-10.pdf
NTHC SECURITIES,354265.43,0.08,158051.0,0.18,2025-10-31,gse-2025-10.pdf
FINCAP SECURITES LIMITED,225406.56,0.05,30766.0,0.03,2025-10-31,gse-2025-10.pdf
FIRSTATLANTIC BROKERAGE LIMITED,213213.68,0.05,102192.0,0.12,2025-10-31,gse-2025-10.pdf
PETRA SECURITIES LIMITED,167715.06,0.04,18031.0,0.02,2025-10-31,gse-2025-10.pdf
CHAPELHILL DENHAM SECURITIES,48082.07,0.01,10666.0,0.01,2025-10-31,gse-2025-10.pdf
CDH SECURITIES,11411.8,0.0,2351.0,0.0,2025-10-31,gse-2025-10.pdf
SERENGETI CAPITAL MARKETS LIMITED,5540.16,0.0,1848.0,0.0,2025-10-31,gse-2025-10.pdf
SARPONG CAPITAL MARKETS LIMITED,0.0,0.0,0.0,0.0,2025-10-31,gse-2025-10.pdf
SBG SECURITIES,141774392.18,36.83,30230017.0,39.15,2025-11-30,gse-2025-11.pdf
IC SECURITIES,90085793.96,23.4,20450870.0,26.48,2025-11-30,gse-2025-11.pdf
SIC BROKERAGE,48314933.25,12.55,2938168.0,3.8,2025-11-30,gse-2025-11.pdf
DATABANK BROKERAGE LIMITED,36463689.98,9.47,8739022.0,11.32,2025-11-30,gse-2025-11.pdf
BLACKSTAR BROKERAGE,33516191.74,8.71,3020840.0,3.91,2025-11-30,gse-2025-11.pdf
MERBAN STOCKBROKERS LIMITED,9766655.95,2.54,2194441.0,2.84,2025-11-30,gse-2025-11.pdf
STRATEGIC AFRICAN SECURITIES,4903854.29,1.27,1601869.0,2.07,2025-11-30,gse-2025-11.pdf
FINCAP SECURITES LIMITED,4586138.5,1.19,1151919.0,1.49,2025-11-30,gse-2025-11.pdf
CONSTANT CAPITAL LIMITED,3755428.9,0.98,456833.0,0.59,2025-11-30,gse-2025-11.pdf
EDC STOCKBROKERS,3114818.79,0.81,845861.0,1.1,2025-11-30,gse-2025-11.pdf
REPUBLIC SECURITIES,2709534.26,0.7,895587.0,1.16,2025-11-30,gse-2025-11.pdf
LAURUS SECURITIES,2594506.51,0.67,3401655.0,4.4,2025-11-30,gse-2025-11.pdf
TEAK TREE BROKERAGE,1825908.81,0.47,494666.0,0.64,2025-11-30,gse-2025-11.pdf
BULLION SECURITIES LIMITED,581959.91,0.15,243913.0,0.32,2025-11-30,gse-2025-11.pdf
NTHC SECURITIES,449220.57,0.12,404556.0,0.52,2025-11-30,gse-2025-11.pdf
FIRSTBANC BROKERAGE,136025.3,0.04,16691.0,0.02,2025-11-30,gse-2025-11.pdf
PETRA SECURITIES LIMITED,135073.64,0.04,32084.0,0.04,2025-11-30,gse-2025-11.pdf
FIRSTATLANTIC BROKERAGE LIMITED,129838.0,0.03,88572.0,0.11,2025-11-30,gse-2025-11.pdf
CDH SECURITIES,87394.2,0.02,7310.0,0.01,2025-11-30,gse-2025-11.pdf
SERENGETI CAPITAL MARKETS LIMITED,9752.4,0.0,2322.0,0.0,2025-11-30,gse-2025-11.pdf
CHAPELHILL DENHAM SECURITIES,3998.52,0.0,5982.0,0.01,2025-11-30,gse-2025-11.pdf
AMBER SECURTIES,1496.0,0.0,400.0,0.0,2025-11-30,gse-2025-11.pdf
SARPONG CAPITAL MARKETS LIMITED,0.0,0.0,0.0,0.0,2025-11-30,gse-2025-11.pdf
IC SECURITIES,311009107.56,56.58,97493242.0,55.5,2025-12-31,gse-2025-12.pdf
SBG SECURITIES,107025647.22,19.47,18976714.0,10.8,2025-12-31,gse-2025-12.pdf
CONSTANT CAPITAL LIMITED,33264359.59,6.05,8822941.0,5.02,2025-12-31,gse-2025-12.pdf
DATABANK BROKERAGE LIMITED,29969984.03,5.45,10409253.0,5.93,2025-12-31,gse-2025-12.pdf
LAURUS SECURITIES,18335498.2,3.34,5790842.0,3.3,2025-12-31,gse-2025-12.pdf
BLACKSTAR BROKERAGE,12013024.36,2.19,2371647.0,1.35,2025-12-31,gse-2025-12.pdf
PETRA SECURITIES LIMITED,8930520.42,1.62,19659696.0,11.19,2025-12-31,gse-2025-12.pdf
STRATEGIC AFRICAN SECURITIES,8595323.54,1.56,2924149.0,1.66,2025-12-31,gse-2025-12.pdf
TEAK TREE BROKERAGE,4522937.21,0.82,3346253.0,1.91,2025-12-31,gse-2025-12.pdf
AMBER SECURTIES,3827200.84,0.7,794770.0,0.45,2025-12-31,gse-2025-12.pdf
REPUBLIC SECURITIES,3641792.76,0.66,1366612.0,0.78,2025-12-31,gse-2025-12.pdf
EDC STOCKBROKERS,2099994.61,0.38,769009.0,0.44,2025-12-31,gse-2025-12.pdf
SIC BROKERAGE,2051809.62,0.37,1608312.0,0.92,2025-12-31,gse-2025-12.pdf
MERBAN STOCKBROKERS LIMITED,1412711.72,0.26,295739.0,0.17,2025-12-31,gse-2025-12.pdf
FIRSTATLANTIC BROKERAGE LIMITED,1261651.33,0.23,184039.0,0.1,2025-12-31,gse-2025-12.pdf
BULLION SECURITIES LIMITED,772306.18,0.14,635395.0,0.36,2025-12-31,gse-2025-12.pdf
NTHC SECURITIES,360564.77,0.07,82661.0,0.05,2025-12-31,gse-2025-12.pdf
CDH SECURITIES,283870.0,0.05,58600.0,0.03,2025-12-31,gse-2025-12.pdf
FIRSTBANC BROKERAGE,128062.63,0.02,16216.0,0.01,2025-12-31,gse-2025-12.pdf
FINCAP SECURITES LIMITED,85122.45,0.02,30793.0,0.02,2025-12-31,gse-2025-12.pdf
CHAPELHILL DENHAM SECURITIES,43151.25,0.01,9616.0,0.01,2025-12-31,gse-2025-12.pdf
SERENGETI CAPITAL MARKETS LIMITED,37914.81,0.01,8749.0,0.0,2025-12-31,gse-2025-12.pdf
IC SECURITIES,1084275478.55,76.86,258525902.0,77.25,2026-01-31,gse-2026-01.pdf
BLACKSTAR BROKERAGE,124305590.99,8.81,27034174.0,8.08,2026-01-31,gse-2026-01.pdf
CONSTANT CAPITAL LIMITED,51667286.27,3.66,12352176.0,3.69,2026-01-31,gse-2026-01.pdf
DATABANK BROKERAGE LIMITED,45507880.99,3.23,12403407.0,3.71,2026-01-31,gse-2026-01.pdf
LAURUS SECURITIES,44795662.9,3.18,11955743.0,3.57,2026-01-31,gse-2026-01.pdf
SIC BROKERAGE,24671524.99,1.75,1750812.0,0.52,2026-01-31,gse-2026-01.pdf
AMBER SECURTIES,8526162.82,0.6,1746531.0,0.52,2026-01-31,gse-2026-01.pdf
REPUBLIC SECURITIES,5871188.08,0.42,1938765.0,0.58,2026-01-31,gse-2026-01.pdf
EDC STOCKBROKERS,4694050.82,0.33,1417756.0,0.42,2026-01-31,gse-2026-01.pdf
STRATEGIC AFRICAN SECURITIES,4155218.86,0.29,1383691.0,0.41,2026-01-31,gse-2026-01.pdf
SBG SECURITIES,3810355.17,0.27,1278426.0,0.38,2026-01-31,gse-2026-01.pdf
TEAK TREE BROKERAGE,3526324.02,0.25,976685.0,0.29,2026-01-31,gse-2026-01.pdf
MERBAN STOCKBROKERS LIMITED,1373585.25,0.1,194690.0,0.06,2026-01-31,gse-2026-01.pdf
FINCAP SECURITES LIMITED,805679.96,0.06,417860.0,0.12,2026-01-31,gse-2026-01.pdf
BULLION SECURITIES LIMITED,643633.22,0.05,242631.0,0.07,2026-01-31,gse-2026-01.pdf
FIRSTATLANTIC BROKERAGE LIMITED,579062.73,0.04,92461.0,0.03,2026-01-31,gse-2026-01.pdf
FIRSTBANC BROKERAGE,535116.07,0.04,139395.0,0.04,2026-01-31,gse-2026-01.pdf
NTHC SECURITIES,508700.65,0.04,567379.0,0.17,2026-01-31,gse-2026-01.pdf
CHAPELHILL DENHAM SECURITIES,228400.0,0.02,190000.0,0.06,2026-01-31,gse-2026-01.pdf
PETRA SECURITIES LIMITED,132509.4,0.01,3292.0,0.0,2026-01-31,gse-2026-01.pdf
CDH SECURITIES,79358.05,0.01,21328.0,0.01,2026-01-31,gse-2026-01.pdf
SERENGETI CAPITAL MARKETS LIMITED,31624.43,0.0,6904.0,0.0,2026-01-31,gse-2026-01.pdf
SARPONG CAPITAL MARKET LIMITED,0.0,0.0,0.0,0.0,2026-01-31,gse-2026-01.pdf
IC SECURITIES,994653398.68,50.28,206088347.0,51.15,2026-02-28,gse-2026-02.pdf
SBG SECURITIES,238160458.46,12.04,46674838.0,11.58,2026-02-28,gse-2026-02.pdf
SIC BROKERAGE,206602448.19,10.44,37924371.0,9.41,2026-02-28,gse-2026-02.pdf
DATABANK BROKERAGE,146171005.56,7.39,25492744.0,6.33,2026-02-28,gse-2026-02.pdf
EDC STOCKBROKERS,108899397.2,5.51,26352353.0,6.54,2026-02-28,gse-2026-02.pdf
BLACKSTAR BROKERAGE,93880519.64,4.75,15210948.0,3.78,2026-02-28,gse-2026-02.pdf
CONSTANT CAPITAL,84069025.48,4.25,20330989.0,5.05,2026-02-28,gse-2026-02.pdf
LAURUS SECURITIES,46551232.9,2.35,10031512.0,2.49,2026-02-28,gse-2026-02.pdf
STRATEGIC AFRICAN SECURITIES,20230069.2,1.02,4032045.0,1.0,2026-02-28,gse-2026-02.pdf
REPUBLIC SECURITIES,17222657.64,0.87,3472923.0,0.86,2026-02-28,gse-2026-02.pdf
TEAK TREE BROKERAGE,9617265.02,0.49,4531946.0,1.12,2026-02-28,gse-2026-02.pdf
NTHC SECURITIES,2476906.29,0.13,482294.0,0.12,2026-02-28,gse-2026-02.pdf
FIRST ATLANTIC BROKERAGE LIMITED,2246974.9,0.11,197692.0,0.05,2026-02-28,gse-2026-02.pdf
BULLION SECURITIES,1571853.41,0.08,1253666.0,0.31,2026-02-28,gse-2026-02.pdf
FINCAP SECURITIES,1162770.42,0.06,194798.0,0.05,2026-02-28,gse-2026-02.pdf
SERENGETI CAPITAL,739271.74,0.04,92364.0,0.02,2026-02-28,gse-2026-02.pdf
AMBER SECURITIES,736486.37,0.04,28339.0,0.01,2026-02-28,gse-2026-02.pdf
FIRSTBANC BROKERAGE,271299.74,0.01,92734.0,0.02,2026-02-28,gse-2026-02.pdf
CDH SECURITIES,200075.58,0.01,158586.0,0.04,2026-02-28,gse-2026-02.pdf
CHAPELHILL DENHAM SECURITIES,90008.19,0.0,18650.0,0.0,2026-02-28,gse-2026-02.pdf
UMB STOCKBROKERS,0.0,0.0,0.0,0.0,2026-02-28,gse-2026-02.pdf
IC SECURITIES,1402208434.85,64.14,235897418.0,60.86,2026-03-31,gse-2026-03.pdf
DATABANK BROKERAGE,278475668.76,12.74,70616338.0,18.22,2026-03-31,gse-2026-03.pdf
BLACKSTAR BROKERAGE,144141922.93,6.59,23494955.0,6.06,2026-03-31,gse-2026-03.pdf
LAURUS SECURITIES,86016363.27,3.93,14975010.0,3.86,2026-03-31,gse-2026-03.pdf
STRATEGIC AFRICAN SECURITIES,65484461.76,3.0,11863684.0,3.06,2026-03-31,gse-2026-03.pdf
CONSTANT CAPITAL,52386800.79,2.4,4778651.0,1.23,2026-03-31,gse-2026-03.pdf
TEAK TREE BROKERAGE,33259189.97,1.52,5658522.0,1.46,2026-03-31,gse-2026-03.pdf
EDC STOCKBROKERS,32936552.25,1.51,3817492.0,0.98,2026-03-31,gse-2026-03.pdf
REPUBLIC SECURITIES,24166217.02,1.11,4022990.0,1.04,2026-03-31,gse-2026-03.pdf
SIC BROKERAGE,17286296.39,0.79,2587014.0,0.67,2026-03-31,gse-2026-03.pdf
SBG SECURITIES,13548022.15,0.62,1567942.0,0.4,2026-03-31,gse-2026-03.pdf
MERBAN STOCKBROKERS LTD,8109203.32,0.37,2710793.0,0.7,2026-03-31,gse-2026-03.pdf
AMBER SECURITIES,7077409.15,0.32,920466.0,0.24,2026-03-31,gse-2026-03.pdf
CDH SECURITIES,4869890.1,0.22,1694972.0,0.44,2026-03-31,gse-2026-03.pdf
FIRSTBANC BROKERAGE,4193688.38,0.19,229290.0,0.06,2026-03-31,gse-2026-03.pdf
BULLION SECURITIES,3535767.37,0.16,1121696.0,0.29,2026-03-31,gse-2026-03.pdf
FIRST ATLANTIC BROKERAGE LIMITED,3228177.75,0.15,715238.0,0.18,2026-03-31,gse-2026-03.pdf
FINCAP SECURITIES,2664746.72,0.12,430726.0,0.11,2026-03-31,gse-2026-03.pdf
SERENGETI CAPITAL,1417157.4,0.06,210820.0,0.05,2026-03-31,gse-2026-03.pdf
NTHC SECURITIES,858934.52,0.04,147903.0,0.04,2026-03-31,gse-2026-03.pdf
PETRA SECURITIES,278317.35,0.01,127201.0,0.03,2026-03-31,gse-2026-03.pdf
CHAPELHILL DENHAM SECURITIES,166895.1,0.01,20463.0,0.01,2026-03-31,gse-2026-03.pdf
IC SECURITIES,514618287.55,51.09,100587229.0,54.93,2026-06-30,gse-2026-06.pdf
SIC BROKERAGE,114705501.03,11.39,6000056.0,3.28,2026-06-30,gse-2026-06.pdf
SBG SECURITIES,87416795.23,8.68,14992568.0,8.19,2026-06-30,gse-2026-06.pdf
BLACKSTAR BROKERAGE,65173748.6,6.47,17101582.0,9.34,2026-06-30,gse-2026-06.pdf
LAURUS SECURITIES,50693585.82,5.03,8893226.0,4.86,2026-06-30,gse-2026-06.pdf
DATABANK BROKERAGE,44384955.53,4.41,11532112.0,6.3,2026-06-30,gse-2026-06.pdf
CONSTANT CAPITAL,44220317.17,4.39,3352223.0,1.83,2026-06-30,gse-2026-06.pdf
EDC STOCKBROKERS,24891851.74,2.47,4305554.0,2.35,2026-06-30,gse-2026-06.pdf
STRATEGIC AFRICAN SECURITIES,16553253.84,1.64,1615654.0,0.88,2026-06-30,gse-2026-06.pdf
TEAK TREE BROKERAGE,14452075.46,1.43,5297994.0,2.89,2026-06-30,gse-2026-06.pdf
REPUBLIC SECURITIES,13474855.19,1.34,5608969.0,3.06,2026-06-30,gse-2026-06.pdf
FINCAP SECURITIES,6727812.96,0.67,1952485.0,1.07,2026-06-30,gse-2026-06.pdf
MERBAN STOCKBROKERS LTD,5907313.91,0.59,869654.0,0.47,2026-06-30,gse-2026-06.pdf
PETRA SECURITIES,1764587.01,0.18,495998.0,0.27,2026-06-30,gse-2026-06.pdf
FIRST ATLANTIC BROKERAGE LIMITED,709951.19,0.07,142092.0,0.08,2026-06-30,gse-2026-06.pdf
FIRSTBANC BROKERAGE,322224.34,0.03,40693.0,0.02,2026-06-30,gse-2026-06.pdf
CDH SECURITIES,290726.83,0.03,68533.0,0.04,2026-06-30,gse-2026-06.pdf
SERENGETI CAPITAL,282510.06,0.03,69625.0,0.04,2026-06-30,gse-2026-06.pdf
NTHC SECURITIES,262506.13,0.03,79270.0,0.04,2026-06-30,gse-2026-06.pdf
AMBER SECURITIES,238422.61,0.02,46140.0,0.03,2026-06-30,gse-2026-06.pdf
CHAPELHILL DENHAM SECURITIES,185673.86,0.02,57817.0,0.03,2026-06-30,gse-2026-06.pdf
IC SECURITIES,1077567633.7,78.82,124776830.0,62.16,2026-07-31,gse-2026-07.pdf
SBG SECURITIES,46385884.69,3.39,8853056.0,4.41,2026-07-31,gse-2026-07.pdf
DATABANK BROKERAGE,45447240.98,3.32,15595670.0,7.77,2026-07-31,gse-2026-07.pdf
LAURUS SECURITIES,35151272.63,2.57,4913633.0,2.45,2026-07-31,gse-2026-07.pdf
BLACKSTAR BROKERAGE,34979555.48,2.56,17804958.0,8.87,2026-07-31,gse-2026-07.pdf
EDC STOCKBROKERS,30495121.53,2.23,4156837.0,2.07,2026-07-31,gse-2026-07.pdf
SIC BROKERAGE,28502677.93,2.08,4780817.0,2.38,2026-07-31,gse-2026-07.pdf
CONSTANT CAPITAL,25280071.46,1.85,3826650.0,1.91,2026-07-31,gse-2026-07.pdf
TEAK TREE BROKERAGE,11639624.63,0.85,6819976.0,3.4,2026-07-31,gse-2026-07.pdf
MERBAN STOCKBROKERS LTD,10694122.21,0.78,1213673.0,0.6,2026-07-31,gse-2026-07.pdf
REPUBLIC SECURITIES,9402157.3,0.69,4119341.0,2.05,2026-07-31,gse-2026-07.pdf
FINCAP SECURITIES,3860216.95,0.28,2217373.0,1.1,2026-07-31,gse-2026-07.pdf
STRATEGIC AFRICAN SECURITIES,2376812.29,0.17,505950.0,0.25,2026-07-31,gse-2026-07.pdf
NTHC SECURITIES,1670835.17,0.12,291231.0,0.15,2026-07-31,gse-2026-07.pdf
PETRA SECURITIES,810856.1,0.06,88538.0,0.04,2026-07-31,gse-2026-07.pdf
FIRSTBANC BROKERAGE,752186.22,0.06,141567.0,0.07,2026-07-31,gse-2026-07.pdf
SERENGETI CAPITAL,607428.19,0.04,168948.0,0.08,2026-07-31,gse-2026-07.pdf
CDH SECURITIES,556660.01,0.04,286810.0,0.14,2026-07-31,gse-2026-07.pdf
FIRST ATLANTIC BROKERAGE LIMITED,426332.86,0.03,103553.0,0.05,2026-07-31,gse-2026-07.pdf
AMBER SECURITIES,328087.2,0.02,41922.0,0.02,2026-07-31,gse-2026-07.pdf
CHAPELHILL DENHAM SECURITIES,135508.43,0.01,25621.0,0.01,2026-07-31,gse-2026-07.pdf
BULLION SECURITIES,0.0,0.0,0.0,0.0,2026-07-31,gse-2026-07.pdf
