category,name,details_raw,website
Fund Managers,10th Capital Investments Limited,"P.O.Box 7788, Accra-North | Y21B Agostinho Neto Road, Airport Residential, Accra, Ghana | 0209104369 | 10thcapital.investments | info@10thcapital.investments",https://10thcapital.investments
Fund Managers,Africa Trust Capital Limited,"P.O.Box CO 2021, Community 1, Tema | No.19, Mulberry Street East Legon, Accra | (0303)-974834 / (0303)97835 | africatrustcapital.com | info@africatrustcapital.com",https://africatrustcapital.com
Fund Managers,Algebra Capital Management Limited,"P.O.Box GP 18469, Accra | 5th Floor,Nester Square,North Liberation Link,Airport City | (0302)-778553 | algebracapital.com.gh | info@algebracapital.com.gh",https://algebracapital.com.gh
Fund Managers,Aligned Investment Management LTD,"P.O Box CT 8169, Cantonment | RIVIERA RESIDENCE, 14 BOUNDARY ROAD, EAST LEGON | 0597888345 | www.alignedim.com | hello@alignedim.com",https://www.alignedim.com
Fund Managers,Altasset Investment Managers LTD,"P.O.Box, GP 1800, Accra | Hse No. F276/5A, 4TH DADE WALK, NORTH LABONE, ACCRA GL-042-1875 | 0505767119 | salemestate.com | salemfinancialservice@gmail.com",https://salemestate.com
Fund Managers,Ashfield Investment Managers LTD,"P.O Box 14001 Accra | The Investment House 18 Noi Fetreke Street Airport West, Accra | 0553051313/0596921098 | ashfieldinvest.com | info@ashfieldinvest.com",https://ashfieldinvest.com
Fund Managers,Avant Capital Limited,"P.O. Box CT 8360, Cantonmens, Accra | House # C101/1 Nsawam Highway, Opposite Tesano Baptist Church, Off Nsawam Highway, Tesano. | (0302)-201703/(0302)-201718 | eccapitalpartners.com.gh | info@eccapitalpartners.com.gh",https://eccapitalpartners.com.gh
Fund Managers,Black Star Advisors Limited,"PMB 59, Osu | The Rhombus Plot No. 24 Tumu Avenue Kanda Estates, Accra | 0302227698 | blackstaradvisors.com | info@blackstaradvisors.com / compliance@blackstargroup.ai",https://blackstaradvisors.com
Fund Managers,Blaze Financial Services Ltd,"P. O. BOX KN 492, KANESHIE,ACCRA | M2 TONGOGARI ROAD, LABONE | 0302 975 949 | http://www.blazefinancialservices.com.gh/ | info@blazefinancialservices.com.gh",http://www.blazefinancialservices.com.gh/
Fund Managers,Bora Capital Advisors LTD,"P. O. Box CT 10524 Cantonments, Accra | No. 3 Dano Court, Boundary Road, East Legon | (0507)-712343 | boradvisors.com | info@boradvisors.com",https://boradvisors.com
Fund Managers,Brassica Capital Limited Company,"P. 0 . BOX CT 6389 CANTONMENTS, ACCRA | 2ND FLOOR, SKYLIGHT SQUARE, 211C OSU BADU STREET, AIRPORT WEST | 0303944356 | www.brassicagroup.com/brassica-capital/home | capital@brassicagroup.com",https://www.brassicagroup.com/brassica-capital/home
Fund Managers,CAL Asset Management Company LTD,"P.O. Box 14596, Accra | 6th Floor, CAL Bank Towers No. 23 Independence Avenue, Accra | 0302680052/ 0501678606 | calassetmanagement.net | assetmgt@calbank.net",https://calassetmanagement.net
Fund Managers,Capstone Capital Limited,"P. O. Box CT 9201 Cantonments, Accra Ghana | 3rd Floor Suite 305 &amp; 306, Christman House(Former Aviation House) Airport Residential Area, Accra | (0302)-798775 / (0541)-061292 / (0264) 303657 | capstoneghana.com | info@capstoneghana.com",https://capstoneghana.com
Fund Managers,Cardinalstone Capital Advisers (Ghana) LTD,"C/O. Africa Works, 4th Floor, Stanbic Height- Airport City, Accra | Africa Works 2, 4th Floor, Stankbic Height, Airport Road, Airport Residential Area, Accra | +233 24 224 6957/+233 59 540 1888 | https://cardinalstonepe.com/ | info@cardinalstonepe.com",https://cardinalstonepe.com/
Fund Managers,Chapel Hill Denham Management Ghana Limited,"PMB CT 384, Cantonments Accra | Suite 2 Labone Office Park, North Sithole Street, Labone, Accra | 0302 766 865 | chapelhilldenham.com | ghana.info@chapelhilldenham.com",https://chapelhilldenham.com
Fund Managers,CIDAN Investments Limited,"P.O Box CT 7991, Cantonments, Accra | Cidan House, H/No. 161 Block Haatso, North Legon. | 0559899935 / 0276900011 | cidaninvestments.com | info@cidaninvestments.com",https://cidaninvestments.com
Fund Managers,Cititrust Capital Ltd,P.O.BOX 18646 Accra. | Claydord Plaza No. 10342 Block 15 Madina Zongo | (0244)-379107 / (0302)-231102 | cititrustcapitalgh.com | info@cititrustghana.com,https://cititrustcapitalgh.com
Fund Managers,Continental Capital limited,"P.O.Box G22393 | NO.55/1Coastal Estates,Spintex Digital address GT-358-0851 | (0302)-433477 / (0289)-556036 | continentalcapitalghana.com | info@continentalcapitalghana.com",https://continentalcapitalghana.com
Fund Managers,Cornerstone Capital Advisors Limited,"P.O Box CT 3001 Accra | H/No. C 584/3 30 Samora Machel Road Asylum Down, Accra | (0302)-264453 | cscapital-group.com | info@cscapital-group.com",https://cscapital-group.com
Fund Managers,Crystal Capital &amp; Investments Limited,"P.O Box CT 1650, Cantonments | 56 Nii Nortei Nyanchi Street Dzorwulu, Accra | (0302)-818721 | crystalcapitalgh.com | info@crystalcapitalgh.com",https://crystalcapitalgh.com
Fund Managers,Databank Asset Management Services LTD,"PMB, Ministries Post Office | No. 61 Barnes Rd, Adabraka | (0302)-610610 / (0302)-681443 | databankgroup.com | info@databankgh.com",https://databankgroup.com
Fund Managers,Delta Capital Ltd,"P.O.Box TU 15, TUC, Accra | Grant House, Barnes Road Accra Delta House, 5 Farrar Avenue, Adabraka | (0302)-260255/ (0303)-936754 | deltacapitalghana.com | info@deltacapitalghana.com",https://deltacapitalghana.com
Fund Managers,Dusk Capital Limited,"P.O.Box AN 10730, Accra-North | No. 20 Odanta Street, Asylum Down, Accra | (0244)-750597 | duskcapitalghana.com | info@duskcapitalghana.com",https://duskcapitalghana.com
Fund Managers,Ecobank Investment Managers LTD,P.M.B GPO Accra | 2 Morocco Lane Off The Independence Avenue | (228) 22 21 03 03 | www.ecobank.com | iml@ecobank.com,https://www.ecobank.com
Fund Managers,EcoCapital Investment Management Limited,"P.O.Box AD 443, Adabraka | 3 Hackman Street Adjacent Del International Hospital East-legon, Accra Nii Shai Street GPS: GA-487-0436 | (0303)-935531-2 / (0302)-540786 | ecocapinvestment.com | invest@ecocapinvestment.com / dela@ecocapinvestment.com",https://ecocapinvestment.com
Fund Managers,EDC Investments Limited,"P.O.Box AN 16746 | 2 Morocco Lane,Off the Independence Avenue,2nd Floor,Ecobank Head Office. | (0302)-251720-4 / (0302)-251734 | ecobank.com | edc@ecobank.com",https://ecobank.com
Fund Managers,Family Fountain Assets and Securities Limited,"P.O.Box 4164, Accra | HNo. 9, Abotsi Link East Legon. | (0504)-028667 / (0503)-264385 | familyfountainghana.com | info@familyfountainghana.com",https://familyfountainghana.com
Fund Managers,Fidelity Securities Limited,"PMB 43, Cantonments | 8th Floor, Ridge Tower 10 Ambassadorial Enclave, West Ridge | (0302)-214490 / Ext. 555631 | fidelitysecurities.com.gh | FSL@MYFIDELITYBANK.NET",https://fidelitysecurities.com.gh
Fund Managers,First Atlantic Asset Management Co. Limited,"P.O Box CT 1620, Cantonments | No. C/00/3 Dr. Issert Road, North Ridge | (0302)-218030 / (0302)-218035 | firstatlanticbank.com.gh | assetmanagement@firstatlanticbank.com.gh",https://firstatlanticbank.com.gh
Fund Managers,First Finance Company Ltd,"P. O Box CT 10535 Cantonments Accra | House No. 63, Ring Road Central | 0302231536/0302231546 | firstfinancecompany.com | info@firstfinancecompany.com",https://firstfinancecompany.com
Fund Managers,Gateway Wealth Management Limited,"P.O. Box NT 243 | No 5 Oleander Street, East Legon | (0277)-899987-8 | gatewaygh.com | info@gatewaygh.com",https://gatewaygh.com
Fund Managers,GCB Capital Limited,"P. O. Box 134, Accra | House No.F138/6, North Labone Near Cal Bank Labone Branch | 0302945848/03022945838 | www.gcbcapital.com.gh | info.gcbcapital@gcb.com.gh",https://www.gcbcapital.com.gh
Fund Managers,GLICO Capital Limited,"P. O Box GP 4251, Accra. | No. 48 J.A. Kufour Avenue, Avenor | (0302)-766871 | glicocapital.com | info@glicocapital.com",https://glicocapital.com
Fund Managers,Glorygate Capital Ltd.,"P.O Box CT 8092, Cantonments Accra | Glorygate House Golf Road, near Achimota DVLA | (0302)-710148-9 | glorygatecapital.com | info@glorygatecapital.com",https://glorygatecapital.com
Fund Managers,Halifax Asset Management,"P.O.Box AT 1318, New Market Achimota | H/# C119/27, East Legon | (030)-254994 | halifax-am.com | info@halifax-am.com",https://halifax-am.com
Fund Managers,HMI Management Services Limited,P.O. BOX 19400 ACCRA –GHANA DIGITAL ADDRESS: GA-207-4965 | (NEW) 1B LOMOKO STREET-TESANO (SAME BUILDING WITH FORBES ET CONSULT INTERNATIONAL) | +233 (0)30 277 5678/0245124120/0245110640 | hmi-management.com | info@hmi-management.com,https://hmi-management.com
Fund Managers,IC Asset Managers (Ghana) Ltd.,"PMB GP 104 Accra | No. 2 Johnson Sirleaf Road North Ridge, Accra | (0302)-765086/0308250051 | icassetmanagers.com | info@icassetmanagers.com",https://icassetmanagers.com
Fund Managers,IFS Capital Management Ltd.,"P.O Box SR 344, Accra | Plot No.7 Nii Yemoh Street, Boundary Road, East Legon | (0302)-777233 / (0302)-777081 | ifscapitalgh.com | info@ifscapitalgh.com",https://ifscapitalgh.com
Fund Managers,IGS Financial Services Limited,"PMB SK 4 Sakumono, Tema | House No. 42 Walnut Street, Kotobabi Spintex, Accra. | 0302260367/0302260370 | igsghana.com | info@igsghana.com",https://igsghana.com
Fund Managers,Injaro Investment Advisors Ltd.,"P.O.Box CT 7761, Cantonments | # 11A Noi Fetreke Street, Airport West | (0302)-950917 | www.injaroinvestments.com | info@iachl.com",https://www.injaroinvestments.com
Fund Managers,Integrity Fund Management Limited,"P.O.Box SE 1099, Suame | First Floor, SIC Insurance PLC Building, Bompata, Kumasi. Digital Address: AK-020-1788 | (0322)-027475 | integrityghana.com | info@integrityghana.com",https://integrityghana.com
Fund Managers,Investa Capital Fund Management Ltd,P.O Box 16850 Accra | B801/7 EDUARDO MODHLANA CLOSE AWUDOME ROUNDABOUT ACCRA-NORTH. | (0302)-250287 | investacapitalghana.com | investacapitalghan@gmail.com,https://investacapitalghana.com
Fund Managers,InvestCorp Asset Management Ltd,"P.O.Box GP 22493, Accra. | # 15 Wawa Drive, North Dzorwulu | +233(0)302 509 045 | investcorpgh.com | info@investcorpgh.com",https://investcorpgh.com
Fund Managers,InvestEye Capital Partners Ltd,"P.O Box GP 13730, Accra | Flat 1, Damba 13, Adowa Street Borteyman Estates, SSNIT Flat | (0302)-520054 / (0540)-121262-4 | investeyecapital.com | info@investeyecapital.com",https://investeyecapital.com
Fund Managers,Investiture Capital Ltd,"P.O. Box 6945, Accra-North | NO. 3 Fifth Crescent, Asylum Down | (0342)-291297 / (0244)-721000 | investituregh.com | investiture@investituregh.com",https://investituregh.com
Fund Managers,Investrust Capital Ltd.,"P O Box DT316, Adenta, Accra GA-158-5401 | Hse No. 724/14, Efua Sutherland Street, Dzorwulu, Accra. | 055-825-0678/020-820-0791 | investrust.com.gh | investrustghana@gmail.com, info@investrust.com.gh/kwasinkansah@gmail.com",https://investrust.com.gh
Fund Managers,Legacy Fund Management Limited,"P.O.Box GP 19210, Accra | No. 6 Lily Street GZ-005-5881 Teshie Nungua Estate | (0303)-966046/ (0303)-977335 | legacygh.com | info@legacygh.com",https://legacygh.com
Fund Managers,Linx Capital Limited,"P.O. Box AT 415, Achimota | 1st Floor E-Plaza Building Nii Nortei Nyanchi Street GA-156-5874 | 0244619705/0204619705 | linxcapitalltd.com | info@linxcapitalltd.com",https://linxcapitalltd.com
Fund Managers,Merban Capital LTD,"P.O Box CT 1317, Cantonments - Accra | No. 1 Abdul Diouf Street, South Ridge, GA-052-5000 | (0302)-251137 / (0302)-251138 | merbancapital.com | info@merbancapital.com",https://merbancapital.com
Fund Managers,Met Capital Group Ltd.,"P. O. Box 10090 Accra-North, Ghana | Decorbuild Plaza, Opposite East Legon Melcom, East Legon, Accra | 0302-985443 / 0501339481 / 0244228704 | www.metcapitalgroupgh.com | info@metcapitalgroup.gh.com",https://www.metcapitalgroupgh.com
Fund Managers,Mirepa Investment Advisors Ltd,"Nii Afrotse St, West Legon, Greater Accra, GE-313-6735 (SB), Ghana. | 56 Nii Afrotse Street Westlands-Accra | 0303957098/0257957909 | www.mirepaadvisors.com | info@mirepaadvisors.com",https://www.mirepaadvisors.com
Fund Managers,Monarch Capital Limited,"P.O.Box TF 50, Trade Fair Site | 201A Yiyiwa Street, Abelenkpe, Accra | (0302)-766761/2 | monarchcapital.com.gh | info@monachcapital.com.gh",https://monarchcapital.com.gh
Fund Managers,NA Jones Capital Limited,"P.O.Box CT 508, Cantoments | Hse No. B702, The Octagon-Barnes Road, Accra | (0302)-748009 | najonescapital.com | info@najonescapital.com",https://najonescapital.com
Fund Managers,National Trust Holding Company Limited (NTHC),"P.O Box KIA 9563, Airport | Martco House, No. D542/2 Okai-Mensah Link, Adabraka | (0302)-238495 / 240242 / 235814-5 | nthcghana.com | nthc@ghana.com",https://nthcghana.com
Fund Managers,New Generation Investment Services Limited,"P.O Box KS 8425, Kumasi | Cocobod Jubilee, 1st Floor, Guggisberg, Road, Adum | (0322)-91608 / (0269)-740903 | ngis-group.com | info.ngis@ngis-group.com",https://ngis-group.com
Fund Managers,NewCase Capital Limited,"P.O Box MD 1366, Madina | House No. 2, 3rd Right Close, Lake Avenue, off Trassacco-Adjiringanor Road | (0302)-998407 / 998408 | newcasefinance.com | info@newcasefinance.com",https://newcasefinance.com
Fund Managers,Nimed Capital LTD.,"PMB CT 7021, Cantonments | Plot 95, Ambassadorial Drive, East Legon, Accra | (0302)-543837 / (0267)-548339 | nimedcapital.com | info@nimedcapital.com",https://nimedcapital.com
Fund Managers,OctaneDC Limited,"P. O. Box CT 10091 Cantonments, Accra | House No. 169, Block 6 GE-229-1643 South-East Haatso 9 (off the Atomic Kwabenya Road) | 0302544178/9 / 0540122278 | octanedc.com | info@octanedc.com",https://octanedc.com
Fund Managers,Orialles Capital Ltd,"P.O.Box CT 5411, Accra | 1 Norfo Close, North Dzorwulu, Accra | (0302)-775442 / (0303)-934412 / (0246)-551586 | N/A | oriallescapital5411@gmail.com",https://N/A
Fund Managers,Pent Asset &amp; Wealth Management Ltd.,"P.O.Box, AN 19058, Accra-North | No. 26, 2nd Street, Manu Avenue, Westland, Accra. | +233 30 243 6887 | pentassets.com | pent@lumgint.com",https://pentassets.com
Fund Managers,PLUTUS INVESTMENT LTD,"P. O. Box STC 163 Accra | #35 Ofori Tibo Lane East Legon, Accra | 0302- 738 961 | www.plutusinvestmentltd.com | info@plutusinvestmentltd.com",https://www.plutusinvestmentltd.com
Fund Managers,Premium Place Investments Ltd.,"P. O. Box CT 6578, Cantonments GA-207-6571 | # 2 Kotei Anum Lane West Legon GPS: GA - 426-4489 | (0302)-798704 / (0307)-034122 / (0302)-971320 | premiumplaceinvestments.com | info@premuimplaceinvestments.com",https://premiumplaceinvestments.com
Fund Managers,Prestige Capital Limited,"P.O.Box KS 16662, Adum | 3rd Floor Dufie Towers Adum Kumasi | (0235)-080719 / (0501)-295775 / (0501)-277234 | prestigecapitalgh.com | info@prestigecapitalgh.com",https://prestigecapitalgh.com
Fund Managers,Prudential Securities Limited,"P.O. Box CT 628 Cantoments | 8 Nima Avenue, Kanda, Ring Road Central | (0302)-771284 / 770963 / 768386 | prudentialsecuritiesghana.com | info@prudentialsecuritiesghana.com",https://prudentialsecuritiesghana.com
Fund Managers,RAD Business Advisory Network Centre Ltd,"P. O Box PMB KIA 108, Accra | Premium Place No. 25 Osu Badu Avenue Ring road East | (0307)-088888 / (0244)-266662 | radbanc.net | rosemondansah@hotmail.co.uk",https://radbanc.net
Fund Managers,Regal Alliance Investment Ltd.,"P.O Box SK 1016, Sakumono | 1st Floor, The Word Plaza 7 Freedom Street Opposite Tema Community 25 Mall | (0302)-818416 / (0317)-031470 | regalallianceghana.com | info@regalallianceghana.com",https://regalallianceghana.com
Fund Managers,Republic Investments (Ghana) Limited,"P. O Box CT 4603, Cantonments | No. 35, Sixth Avenue North Ridge | (0302)-664214 /664430 | http://www.republicinvestmentsgh.com | investments@republicghana.com, investments@republicinvestmentsgh.com",http://www.republicinvestmentsgh.com
Fund Managers,Resurgence Securities LTD,"P. O. Box MB 318, Accra. | PwC Tower, 1st Floor Cantonments City, Accra | +233(0)506843668 | resurgecap.com | kwabena@resurgecap.com",https://resurgecap.com
Fund Managers,SAS Investment Management Limited,"No. C939/3, 2nd Ridge Link, North Ridge P.O Box KA 16446 | 14th Floor, World Trade Centre Accra | (0302)-661770 / (0302)-661008 | sasghana.com | info@sasghana.com",https://sasghana.com
Fund Managers,SDC Capital Limited,"P.O Box 14198 | Hse # F155/6 Orphans Crescent North-Labone Accra, | (0302)-0302786754 | sdcgh.com | capital@sdccapital.com.gh",https://sdcgh.com
Fund Managers,SEM Capital Advisors Limited,"P.O Box CT 2069, Cantonments | Suite A-205, The Octagon, 11 Independence Ave, Accra | (0302)-235400 / (0302)-238382 | semcapitaladvisors.com | capital@semcapitaladvisors.com",https://semcapitaladvisors.com
Fund Managers,Sentinel Asset Management Ltd,"P.O. Box CT 10027, Cantonments - Accra | 1st Floor, 1 Airport Square, Airport City, Accra. | (054)-0113507 | www.sentinelaml.com | info@sentinelaml.com",https://www.sentinelaml.com
Fund Managers,Serengeti Asset Management Limited,P.O.Box CT 2868 | 5 Abafun Crescent Labone Accra | 0303939382 | www.serengeticapital.com | service@serengeticapital.com,https:// www.serengeticapital.com
Fund Managers,SIC Financial Services Limited,"PMB CT 314, Cantoments | No.67 A&amp;B Switchback Road, Cantonments | (0302)-767051 / 767163 / 767117 | sic-fsl.com | info@sic-fsl.com",https://sic-fsl.com
Fund Managers,Stanbic Investment Management Services LTD,"P. O Box CT 2344, Cantonments | 4th Floor, Stanbic Heights, 215 South Liberation Link, Airport City | 0302610690 | sims.com.gh | SIMSRegulatoryTeam@stanbic.com.gh",https://sims.com.gh
Fund Managers,Star Asset Fund Management Ltd,"P.O Box KIA 9635, Airport | 40, Boundary Road. East Legon | (0302)-542962 / (0289)-601821 | stargroupgh.com | info@stargroupgh.com",https://stargroupgh.com
Fund Managers,Steward Capital Partners Limited,"P.O.Box GP 14863, Accra | Plot 113 A Mbabane Avenue,Opposite Hotel Obama East Legon Residential Area | (0302)-221940-1 | steward-capital.com | info@steward-capital.com",https://steward-capital.com
Fund Managers,Temple Investments LTD,"P. O. Box CT 9828, Cantonments | HNO F305/6 Adebeto Close Labone, Accra | (0303)-931514 | templeinvest.com | info@templeinvest.com",https://templeinvest.com
Fund Managers,Tesah Capital Limited,"P.O. Box GP 2222, Accra | 8th Floor SSNIT Emporium Accra | 030-2977813/ 0302977471 | www.tesahcapital.com | info@tesahcapital.com",https://www.tesahcapital.com
Fund Managers,Thamani Investment Management Ltd,"P.O. Box CT 4984, Cantonments, Accra | 4th Floor, Gulf House, Casio Link Street, East Legon, Accra, | (0302)-544747 | reliancecapitalgh.com | info@reliancecapitalgh.com",https://reliancecapitalgh.com
Fund Managers,TTL Capital Limited,"P.O.Box SK 1081, Sakumono | H/No. C122/3, 1st Floor, Farrar Avenue, Asylum Down | (0302)-201222 / (0307)-002624 | ttlcapital.com | info@ttlcapital.com",https://ttlcapital.com
Fund Managers,Union Capital Limited,"P.O.Box KN 5569 Kaneshie, | NO. 735 Pawpaw Street / East Legon | (0303)-973847 | unioncapitalgh.com | info@unioncapitalgh.com",https://unioncapitalgh.com
Fund Managers,WAICA RE Capital Limited,"P.O.Box CT 11008, Cantonments Accra | 4th Floor Gulf House Left Wing Gulf Street Accra | (0302)-631164 / (0501)-577546-8 | waicarecapital.com | info@waicarecapital.com",https://waicarecapital.com
Mutual Funds,Anidaso Mutual Fund Plc,"P. O. Box KS 8425, Kumasi | 1st Floor, Cocobod Jubilee Building, Adum | +233(0)3220 91608 +233(0)26 9740903 | ngis-group.com | info@anidaso.com.gh info@ngis-group.com",https://ngis-group.com
Mutual Funds,Brassica Alpha Fund Plc,"2ND FLOOR, SKYLIGHT SQUARE 211C OSU BADU STREET AIRPORT WEST GA-118-7330 | 2ND FLOOR, SKYLIGHT SQUARE 211C OSU BADU STREET AIRPORT WEST GA-118-7330 | 0303944356 / 0205666333 | https://www.brassicagroup.com/brassica-capital/home | info@brassicagroup.com",https://www.brassicagroup.com/brassica-capital/home
Mutual Funds,CDH Balanced Fund Plc,"P.O.Box 14596, Accra | CDH Asset Management Ltd, # 36 Independence Avenue, North Ridge | +233 30 267 1050 | linxcapitalltd.com | info@linxcaitalltd.com",https://linxcapitalltd.com
Mutual Funds,Christian Community Mutual Fund Limited,"The Rhombus, Plot 24, Tumu Avenue, Kanda Estates | The Rhombus, Plot 24, Tumu Avenue, Kanda Estates | +233(0)559670549 +233 (0) 302 227 698 | blackstaradvisors.com | info@blackstaradvisors.com",https://blackstaradvisors.com
Mutual Funds,CM Fund PLC,"Post Office Square, High Street | ACCRA: F155/6, Orphans&#039; Crescent, North Labone. GhanaPost GPS - 02777298 | +233302786754 0322 397 41 4 | www.sdccapital.com.gh/index.php/cm-fund | capital@sdcgh.com",https://www.sdccapital.com.gh/index.php/cm-fund
Mutual Funds,Crystal Entrepreneur Fund Ltd.,"P.O.Box CT 1650, Cantoments-Accra | Crystal Capital Limited | +233 (0) 302818721 +233 (0) 207465922 | crystalcapitalgh.com | info@crystalcapitalgh.com",https://crystalcapitalgh.com
Mutual Funds,Crystal Wealth Fund Ltd.,"P.O.Box CT 1650, Cantoments-Accra | Crystal Capital Limited | +233 (0) 302818721 +233 (0) 207465922 | crystalcapitalgh.com | info@crystalcapitalgh.com",https://crystalcapitalgh.com
Mutual Funds,Dalex Vision Fund PLC,"P.O.Box CT 7991, Cantonments Accra | Cidan House,H/No.261 Haatso North Legon - Accra | 030 254 4179 | cidaninvestments.com | info@cidaninvestments.com",https://cidaninvestments.com
Mutual Funds,Databank Ark Fund Plc,"61 Barnes Road PMB, Ministries Post Office. Accra | No.61 Barnes Rd, Adabraka | +233 302 610610 | databankgroup.com | info@databankgroup.com",https://databankgroup.com 
Mutual Funds,DataBank Balanced Fund Plc,"61 Barnes Road, PMB, Ministries Post Office Accra | No. 61 Barnes Rd, Adabraka | +233 302 610610 | databankgroup.com | info@databankgroup.com",https://databankgroup.com
Mutual Funds,DataBank Educational Investment Fund Plc,"61 Barnes Road, PMB, Ministries Post Office, Accra | No.61 Barnes Rd, Adabraka | +233 302 610610 | www.databankgroup.com | info@databankgroup.com",https://www.databankgroup.com
Mutual Funds,Databank EPACK Investment Fund Plc,"61 Barnes Road, PMB, Ministries Post Office Accra | No. 61 Barnes Rd, Adabraka | +233 302 610610 | databankgroup.com | info@databankgroup.com",https://databankgroup.com
Mutual Funds,DataBank MFund Plc,"61 Barnes Road, PMB, Ministries Post Office, Accra | No. 61 Barnes Rd, Adabraka | +233 302 610610 | databankgroup.com | info@databankgroup.com",https://databankgroup.com
Mutual Funds,Delta Fund Plc,"PMB 51 Osu | The Rhombus Tumu Avenue, Kanda | 0596994904 | blackstargroup.ia | complaince@blackstar.ai",https://blackstargroup.ia
Mutual Funds,EcoCapital Prime Fund Ltd,"Hackman Street East Legon,behind Del International Hospital | East Legon | 030935531/2 | www.ecocapinvestment.com | invest@ecocapinvestment.com",https://www.ecocapinvestment.com
Mutual Funds,EDC Ghana Balanced Fund Plc,"P.O Box AN 16746 | &quot;Ecobank Head Office Building, 2nd Floor 2, Morocco Lane, Off the Independence Avenue&quot; | (233) 0302634165 / 0302634150 | www.ecobank.com | edc-clientservice@ecobank.com",https://www.ecobank.com
Mutual Funds,EDC Retirement Fund Plc,"EDC Investments Limited P.O.Box AN 16746,Accra-Ghana | EDC Investments Limited 2, Morocco Lane, Off the Independence Avenue, 2Floor | 0302-634165 | www.ecobank.com | EIL@Ecobank.com",https://www.ecobank.com
Mutual Funds,Enhanced Equity Beta Fund Plc,"PMB 59, Osu | The Rhombus, Plot 24, Tumu Avenue, Kanda Estates | (0302)-227698 | www.blackstaradvisors.com | info@blackstaradvisors.com",https://www.blackstaradvisors.com
Mutual Funds,Financial Independence Mutual Fund Plc,"No 63 Ring Road Central, Accra P. O Box CT 10535 | No 63 Ring Road Central, Accra | (0302) 231536/ (0302) 231546 | www.firstfinancecompany.com | info@firstfinancecompany.com",https://www.firstfinancecompany.com
Mutual Funds,First Atlantic Income Fund Plc,"No. 3 Dr. Isert Road North Ridge, Accra P.O. Box CT1620, Cantonments. | #3 Dr. Isert Road North Ridge, Accra | (+233)501419088/ 030220116 | www.faam.com.gh | info@faam.com.gh",https://www.faam.com.gh
Mutual Funds,First Atlantic Personal Investment Plan Plc,"P.O Box CT 1620, Cantonments | No. C/00/3 Dr. Issert Road, North Ridge | 0302200116 | www.faam.com.gh | info@faam.com.gh",https://www.faam.com.gh
Mutual Funds,First Finance Elite Mutual Fund Plc,"House No 63 Ring Road ,Central Accra P.o Box CT 10535, Cantonments, Accra | House No 63 Ring Road ,Central Accra | (0302) 231536/ (0302) 231546 | www.firstfinancecompany.com | info@firstfinancecompany.com",https://www.firstfinancecompany.com
Mutual Funds,First Fund Limited,"H/No 36 Kaanyemi Crescent, Asylum Down, Accra- Ghana. | H/No 36 Kaanyemi Crescent, Asylum Down, Accra- Ghana. | 0302235400 / 0302238382 | semcapitaladvisors.com | capital@semcapitaladvisors.com",https://semcapitaladvisors.com
Mutual Funds,FirstBanc Heritage Fund Limited,"H/No 36 Kaanyemi Crescent, Asylum Down, Accra-Ghana | H/No 36 Kaanyemi Crescent, Asylum Down, Accra-Ghana | 0307010249 / 0307079256 | semcapitaladvisors.com | capital@semcapitaladvisors.com",https://semcapitaladvisors.com
Mutual Funds,Fixed Income Alpha Plus Fund Plc,"PMB 59, Osu | The Rhombus, Plot 24, Tumu Avenue, Kanda Estates | (0302)-227698 | www.blackstaradvisors.com | info@blackstaradvisors.com",https://www.blackstaradvisors.com
Mutual Funds,GLICO Fixed Income Fund Plc,"P.O.Box 4251 | Hse No. 3A Digya Lane, Airport Residential Area, Accra GA-153-2998 | 0303972870 / 0501462396 | www.glicocapital.com | info@glicocapital.com",https://www.glicocapital.com
Mutual Funds,Gold Money Market Fund Plc,"P.O Box CS 8876 | Liberty Capital (GH) Limited, Chez Julie Plaza, Community 10 | 00233 553 051 313 | ashfieldinvest.com | info@ashfieldinvest.com",https://ashfieldinvest.com
Mutual Funds,IC Liquidity Fund Plc,"C/O IC Asset Managers (Ghana) Limited 2 Johnson Sirleaf Road, North Ridge, Accra. | 2 Johnson Sirleaf Road, North Ridge, Accra. | (0302)-765086/0308250051 | www.icassetmanagers.com | info@icassetmanagers.com",https://www.icassetmanagers.com
Mutual Funds,Ideal Sika Fund Plc,IGS Financial Services Limited | CalBank Plc,
Mutual Funds,InvestCorp Active Equity Fund Plc,"P.O.Box GP 22493, Accra | #15 Wawa Drive, North Dzorwulu | 00233(0)302 50 90 45 | www.investcorpgh.com | info@investcorpgh.com",https://www.investcorpgh.com
Mutual Funds,InvestCorp Mid - Tier Fund PLC,"P.O.Box GP 22493, Accra | #15 Wawa Drive, North Dzorwulu | 00233(0)302 50 90 45 | www.investcorpgh.com | info@investcorpgh.com",https://www.investcorpgh.com
Mutual Funds,InvestCorp Money Market Fund Plc,"P.O.Box GP 22493, Accra | #15 Wawa Drive, North Dzorwulu | 00233(0)302 50 90 45 | www.investcorpgh.com | info@investcorpgh.com",https://www.investcorpgh.com
Mutual Funds,InvestCorp Treasury Securities Fund PLC,"P.O.Box GP 22493, Accra | #15 Wawa Drive, North Dzorwulu | 00233(0)302 50 90 45 | www.investcorpgh.com | info@investcorpgh.com",https://www.investcorpgh.com
Mutual Funds,Investiture 365 Alpha Fund PLC,Investiture Place #3 Fifth Crescent Asylum Down Accra | Investiture Place #3 Fifth Crescent Asylum Down Accra | +233 342 291 297 | www.investituregh.com | investiture@investituregh.com,https://www.investituregh.com
Mutual Funds,NGIS Money Market Fund PLC,"1st Floor COCOBOD Jubilee House Guggisberg Road, Adum Kumasi | 1st Floor COCOBOD Jubilee House Guggisberg Road, Adum Kumasi | 032 2091608; 0269740903 | www.ngis-group.com | info@ngis-group.com",https://www.ngis-group.com
Mutual Funds,Nimed Fixed Income Fund Limited,"PMB CT 7021, Cantonments | Plot 95, Ambassadorial Drive, East Legon, Accra | (0302)-543837 / (0267)-548339 | nimedcapital.com | info@nimedcapital.com",https://nimedcapital.com
Mutual Funds,Nordea Income Growth Fund,"3 Hackman Street, East Legon, Ghana Digital Address: GA-482-0436 | Hackman Street East Legon,behind Del International Hospital | 030935531/2 00233 (0)30 393 5531 | ecocapinvestment.com | invest@ecocapinvestment.com",https://ecocapinvestment.com
Mutual Funds,NTHC Horizon Fund Limited,"P.O Box KIA 9563 Airport | NTHC House,18 Gamel Nasser Avenue, Ringway Estates, Osu | (0302)-238495 / 240242 / 235814-5 | www.nthcghana.com | nthc@ghana.com info@nthc.com.gh",https://www.nthcghana.com
Mutual Funds,Omega Equity Fund,"P.O Box CT 7991, Cantonments, Accra | Cidan House, H/No. 161 Block Haatso, North Legon. | (0302)-544351 / (0261)-717001/(0285)-727272 | cidaninvestments.com | info@cidaninvestments.com/ robengokon@cidaninvestment.com",https://cidaninvestments.com
Mutual Funds,Omega Income Fund,"P.O Box CT 7991, Cantonments, Accra | Cidan House, H/No. 161 Block Haatso, North Legon. | (0302)-544351 / (0261)-717001/(0285)-727272 | cidaninvestments.com | info@cidaninvestments.com/robengokon@cidaninvestment.com",https://cidaninvestments.com
Mutual Funds,Opportunity Fund PLC,"P.O.Box CT 11008, Cantonments Accra | &quot;4th Floor Gulf House Left Wing Gulf Street Accra&quot; | (0302)-631164 / (0501)-577546-8 | www.waicarecapital.com | info@waicarecapital.com",https://www.waicarecapital.com
Mutual Funds,Pinnacle Balanced Fund PLC,"P.O. Box CT 7991, Cantonments, Accra | Cidan House H/No 261 Haatso North Legon- Accra | 0302 544 178/9, 054 012 2278 | cidaninvestments.com | info@cidaninvestments.com",https://cidaninvestments.com
Mutual Funds,Platinum Debt Income Fund Plc,"Plot No. 215, Stanbic Heights, South Liberation Link, Airport City, Accra. GL-1164539 | Plot No. 215, Stanbic Heights, South Liberation Link, Airport City, Accra. GL-1164539 | +233 302 815 789 | https://www.sims.com.gh/ghanasims/management-investment-services/ | simscustomerservice@stanbic.com.gh",https://www.sims.com.gh/ghanasims/management-investment-services/
Mutual Funds,Plus Balanced Fund Plc,"PMB 69,OSU-ACCRA | &quot;The Rhombus, Plot 24 Tumu Avenue Kanda Estates, Accra&quot; | 00233(0)559670549 00233 (0) 302 227 698 | www.blackstaradvisors.com | clientservices@blackstaradvisors.com info@blackstaradvisors.com",https://www.blackstaradvisors.com
Mutual Funds,Plus Income Fund Plc,"PMB 69,OSU-ACCRA | &quot;The Rhombus, Plot 24 Tumu Avenue Kanda Estates, Accra&quot; | 00233(0)559670549 00233 (0) 302 227 698 | www.blackstaradvisors.com | clientservices@blackstaradvisors.com info@blackstaradvisors.com",https://www.blackstaradvisors.com
Mutual Funds,SAS Fortune Fund Limited,"P.O Box KA 16446 | 14th Floor, World Trade centre, Independence Avenue | 0302661770/2/08/880 | www.sasghana.com | sasim@sasghana.com",https://www.sasghana.com
Mutual Funds,SAS Midas Fund Ltd,"14th Floor World Trade Centre , Independence Avenue, Accra | 14th Floor World Trade Centre , Independence Avenue, Accra | 0302661770/2/08/880 | www.sasghana.com | sasim@sasghana.com",https://www.sasghana.com
Mutual Funds,SEM Income Fund PLC,"P.O.Box CT 2069, Cantoments | SEM Capital Management Ltd, 4th Floor, Trust Towers | 00233 (0) 30 223 5400 00233 (0) 30 223 8382 00233 (0) 24 469 1007 | semcapitaladvisors.com | kevin.andoh@semcapitaladvisors.com capital@semcapitaladvisors.com",https://semcapitaladvisors.com
Mutual Funds,SEM Money Plus Fund PLC,"P.O.Box CT 2069, Cantoments | SEM Capital Management Ltd, 4th Floor, Trust Towers | 00233 (0) 30 223 5400 00233 (0) 30 223 8382 00233 (0) 24 469 1007 | semcapitaladvisors.com | kevin.andoh@semcapitaladvisors.com capital@semcapitaladvisors.com",https://semcapitaladvisors.com
Mutual Funds,Tesah Future Fund Limited PLC,"GPS : GA-091-2842 | &quot;Allied Heights (2nd Floor) 10 Olusegun Obasanjo Way Abelenkpe, Accra&quot; | 00233 302 977813 00233 302 977471 | www.tesahcapital.com | info@tesahcapital.com",https://www.tesahcapital.com
Mutual Funds,TTL Income Haven Fund,"H/No. C122/3, 1st Floor, Farrar Avenue, Asylum Down | H/No. C122/3, 1st Floor, Farrar Avenue, Asylum Down | 00233 (0) 57 7680810 00233 (0) 57 7680817 | ttlcapital.com | info@ttlcapital.com",https://ttlcapital.com
Mutual Funds,UMB Balanced Fund PLC,"P.O Box CT 1317, Cantonments - Accra | 123 Kwame Nkrumah Avenue, Sethi Plaza, Adabraka | (0302)-251137 / (0302)-251138 | www.merbaninvestmentholdings.com | info@umbcapital.com",https://www.merbaninvestmentholdings.com
Mutual Funds,Weston Oil &amp; Gas Fund Limited,"3 Hackman Street, East Legon, Ghana Digital Address: GA-482-0436 | Hackman Street East Legon,behind Del International Hospital | 030935531/2 00233 (0)30 393 5531 | ecocapinvestment.com | invest@ecocapinvestment.com info@ecocapinvestment.com",https://ecocapinvestment.com
Unit Trusts,AIM Freedom Fixed Income Trust,"GA-118-5893 18 Noi Fetreke Street West Kofi Annan Street, West Airport near Jack &amp; Jill, Accra. P.O. Box 14001, Accra | 18 Noi Fetreke Street West Kofi Annan Street, Accra | 0244649191 | www.ashfieldinvest.com | info@ashfieldinvest.com",https://www.ashfieldinvest.com
Unit Trusts,AIM Multi-Asset Trust,"GA-118-5893 18 Noi Fetreke Street West Kofi Annan Street, West Airport near Jack &amp; Jill, Accra. P.O. Box 14001, Accra | 18 Noi Fetreke Street West Kofi Annan Street, Accra | 0244649191 | www.ashfieldinvest.com | info@ashfieldinvest.com",https://www.ashfieldinvest.com
Unit Trusts,Algebra Income Trust,"5TH Floor,Nester Square,North Liberation Link, Airport City | 5TH Floor,Nester Square,North Liberation Link, Airport City | 0302778552/3 | www.algebracapital.com.gh | info@algebracapital.com.gh",https://www.algebracapital.com.gh
Unit Trusts,Bora Balanced Unit Trust,"P. O Box CT 10524, Cantonments Accra | No.3 Dano Court Boundary Road East Legon, Accra | 0507712343 | www.boradvisors.com | info@boradvisors.com",https://www.boradvisors.com
Unit Trusts,Bora Fixed Income Unit Trust,"P. O Box CT 10524, Cantonments Accra | No. 3 Dano Court Boundary Road East Legon, Accra | 0507712343 | www.boradvisors.com | info@boradvisors.com",https://www.boradvisors.com
Unit Trusts,Bora Global Balanced Trust,"P. O Box CT 10524, Cantonments Accra | No. 3 Dano Court D29 Boundary Road East Legon, Accra, Ghana | +233 (50) 771 2343 / +233 (24) 528 8322 | www.boradvisors.com | globaltrust@boradvisors.com",https://www.boradvisors.com
Unit Trusts,Cal Advantage Balanced Unit Trust,House 23 Ridge Independence Avenue | House 23 Ridge Independence Avenue | 0302680061/0267518019 | www.calassetmanagement.net | assetmgt@calbank.net,https://www.calassetmanagement.net
Unit Trusts,Cal Benefit Fixed Income Unit Trust,H No 23 Ridge Indepencence Avenue Accra | H No 23 Ridge Indepencence Avenue Accra | 0302680061/0267518019 | www.calassetmanagement.net | assetmgt@calbank.net,https://www.calassetmanagement.net
Unit Trusts,EDC Ghana Africa Cash Trust,"P.O.Box An 16746 | Ecobank Head Office Building, 2nd Floor 2. Morocco Lane,Off the Independence Avenue | 03026234165/0302634150 | www.ecobank.com | edc-clientservice@ecobank.com",https://www.ecobank.com
Unit Trusts,EDC Ghana Fixed Income Unit Trust,"P.O AN 16746 | Ecobank Head Office Building, 2nd Floor 2, Morocco Lane, Off the Independence Avenue | (233) 0302634165 / 0302634150 | www.ecobank.com | edc-clientservice@ecobank.com",https://www.ecobank.com
Unit Trusts,EDC Ghana Growth Trust,"P.O. Box an 16746 | Ecobank Head Office Building 2nd Floor 2, Morrocco Lane,Off the Independence Avenue | 03026234165/0302634150 | www.ecobank.com | edc-clientservice@ecobank.com",https://www.ecobank.com
Unit Trusts,EDC Ghana Money Market Unit Trust,"P.O AN 16746 | Ecobank Head Office Building, 2nd Floor 2, Morocco Lane, Off the Independence Avenue | (233) 0302634165 / 0302634150 | www.ecobank.com | edc-clientservice@ecobank.com",https://www.ecobank.com
Unit Trusts,Fidelity Balanced Trust,"PMB 43 Accra | Ridge Towers, 10 Ambassadorial Enclave,West Ridge, Accra | 0302214490 | www.fidelitybank.com.gh | FSL@MYFIDELITYBANK.NET",https://www.fidelitybank.com.gh
Unit Trusts,Fidelity Fixed Income Trust,"PMB 43 Accra | Ridge Towers, 10 Ambassadorial Enclave,West Ridge, Accra | 0302214490 | www.fidelitybank.com.gh | FSL@MYFIDELITYBANK.NET",https://www.fidelitybank.com.gh
Unit Trusts,Fidelity Money Market Trust,"PMB 43 Accra | Ridge Towers, 10 Ambassadorial Enclave,West Ridge, Accra | 0302214490 | www.fidelitybank.com.gh | FSL@MYFIDELITYBANK.NET",https://www.fidelitybank.com.gh
Unit Trusts,Gold Fund Unit Trust,"P.O Box GP 14198 | 5 Mozambique Link, Opp. Royal Netherlands Embassy | 00233 302 231 536 00233 302 231 546 | www.firstfinancecompany.com | clientservice@firstfinancecompany.com",https://www.firstfinancecompany.com
Unit Trusts,Golden Eagle Unit Trust,"49 Ndabaningi Sithole Road Labone, Accra P. O. Box 134 Accra | 49 Ndabaningi Sithole Road Labone, Accra | 0302 919 317/ 0302 915 818 | www.gcbcapital.com.gh | info@gcbcapital.com.gh",https://www.gcbcapital.com.gh
Unit Trusts,Legacy Unit Trust,"Opeibea House | IFS Capital Management Limited, 37 Liberation Road | 00233 (0) 302 777 081 00233 (0) 571 386 759 | www.ifscapitalgh.com | clientservice@ifscapitalgh.com",https://www.ifscapitalgh.com
Unit Trusts,My Wealth Unit Trust,"Opeibea House | IFS Capital Management Limited, 37 Liberation Road | 00233 0302 777 081 | www.ifscapitalgh.com | clientservice@ifscapitalgh.com",https://www.ifscapitalgh.com
Unit Trusts,Nimed Lifetime Unit Trust,"Post Office Box CT 7021, Cantonments | No. 95 Ambassadorial Drive, East Legon | +233 302 543 837 | www.nimedcapital.com | info@nimedcapital.com",https://www.nimedcapital.com
Unit Trusts,PSL Fixed Income Unit Trust,"P.O.Box CT 628, Cantonments, Accra, Ghana | 8 John Harmond St.Ring Road Central, Accra. | +233-302-770936/768386/771284 | www.prudentialsecurities.com.gh | info@prudentialsecurities.com.gh",https://www.prudentialsecurities.com.gh
Unit Trusts,Republic Equity Trust,"P O Box CT 4603, Cantonments | No. 48A 6 Sixth Avenue, Ambassadorial Enclave, Ridge West | 233 (0)302 664372 | www.republicinvestmentsgh.com | email@republicghana.com",https://www.republicinvestmentsgh.com
Unit Trusts,Republic Future Plan Trust,"P O Box CT 4603, Cantonments | No. 48A 6 Sixth Avenue, Ambassadorial Enclave, Ridge West | 233 (0)302 664372 | www.republicinvestmentsgh.com | email@republicghana.com",https://www.republicinvestmentsgh.com
Unit Trusts,Republic Real Estate Investment Trust,"P O Box CT 4603, Cantonments | No. 48A 6 Sixth Avenue, Ambassadorial Enclave, Ridge West | 233 (0)302 664372 | www.republicinvestmentsgh.com | email@republicghana.com",https://www.republicinvestmentsgh.com
Unit Trusts,Republic Unit Trust,"P O Box CT 4603, Cantonments | No. 48A 6 Sixth Avenue, Ambassadorial Enclave, Ridge West | 233 (0)302 664372 | www.republicinvestmentsgh.com | email@republicghana.com",https://www.republicinvestmentsgh.com
Unit Trusts,Republic Wealth Trust,"P O Box CT 4603, Cantonments | No. 48A 6 Sixth Avenue, Ambassadorial Enclave, Ridge West | 233 (0)302 664372 | www.republicinvestmentsgh.com | email@republicghana.com",https://www.republicinvestmentsgh.com
Unit Trusts,Richie Rich Unit Trust,"Opeibea House | IFS Capital Management Limited, 37 Liberation Road | 00233 0302 777 081 | www.ifscapitalgh.com | clientservice@ifscapitalgh.com",https://www.ifscapitalgh.com
Unit Trusts,Sentinel Africa Eurobond Trust,Ghana Post ID: GA-084-7766 | Sentinel Asset Management Alema Avenue Airport Residential Area Accra | 0548102438 | www.sentinelaml.com | info@sentinelaml.com,https://www.sentinelaml.com
Unit Trusts,Sentinel Ghana Fixed IncomeTrust,Ghana Post ID: GA-084-7766 | Sentinel Asset Management Alema Avenue Airport Residential Area Accra | 0548102438 | www.sentinelaml.com | info@sentinelaml.com,https://www.sentinelaml.com
Unit Trusts,Stanbic Cash Trust,"P.O Box CT 2344, Cantonments | STANBIC HEIGHTS, PLOT 215 SOUTH LIBERATION LINK,AIRPORT CITY,ACCRA. LIBERATION LINK AIRPORT CITY, ACCRA | 0302 610 690 | www.stanlib.com | simscustomerservices@stanbic.com.gh",https://www.stanlib.com
Unit Trusts,Stanbic Income Fund Trust,"P.O Box CT 2344, Cantonments | STANBIC HEIGHTS, PLOT 215LIBERATION LINK, AIRPORT CITY, ACCRA | 0302 610 690 | www.stanlib.com | simscustomerservice@stanbic.com.gh",https://www.stanlib.com
Unit Trusts,Tesah Treasury Trust,"GPS : GA-091-2842 | Allied Heights (2nd Floor) 10 Olusegun Obasanjo Way Abelenkpe, Accra | 00233 302 977813 00233 302 977471 | www.tesahcapital.com | info@tesahcapital.com",https://www.tesahcapital.com
Unit Trusts,Unisecurities Unit Trust,"P.O. Box GP 2637, Accra | No. 455/2 Farrar Avenue, Asylum Down, Accra | 00233 302 231 536 / 00233 302 231 546 | www.firstfinancecompany.com | clientservice@firstfinancecompany.com",https://www.firstfinancecompany.com
Exchange Traded Funds,Temple S&amp;P Ghana Sovereign Bond Index ETF Plc,"P. O. Box CT 9828, Cantonments | HNO F305/6 Adebeto Close Labone, Accra | (0303)-931514 | www.templeinvest.com | info@templeinvest.com",https://www.templeinvest.com
REIT Funds,Aspire Real Estate Investment Trust Plc,"HSE NO Y21B, AGOSTINHO NETO RD, AIRPORT RESIDENTIAL, ACCRA. GA-084-2948 | HSE NO Y21B, AGOSTINHO NETO RD, AIRPORT RESIDENTIAL, ACCRA. GA-084-2948 | 0209104369 | www.10thcapital.investments | info@10thcapital.investments.com",https://www.10thcapital.investments
REIT Funds,Rangoon Real Estate Investment Plc,"6th Floor Cannon House 4 Rangoon Lane, Cantonments City Accra | 6th Floor Cannon House 4 Rangoon Lane, Cantonments City Accra | 03022215700 | info@rangoonreit.com",
REIT Funds,Sentinel Commercial Real Estate Investment Trust Company Plc,"P. O. BOX OS 2682 | 1st Floor, One Airport Square, Airport City, Accra-Ghana. Ghana Post ID: GL-116-5465GA-084-7361 ALEMA AVENUE | 0548102438 | https://sentinelaml.com/ | info@sentinelaml.com",https://sentinelaml.com/
Private Funds,Ci GABA VC LTD,"No. 12 Agbami Road Kokomlemle, Accra P. O. Box CT 6938 Cantonments, Accra | No. 12 Agbami Road Kokomlemle, Accra | +233 (0)30 225 3951/ +233 55 007 1562 | www.siaghana.com | info@siaghana.com",https://www.siaghana.com
Private Funds,Growth Investment Partners Ghana LTD,"Ground Flr Regimanuel Gray Head Office Building | A02 Maale Dada Street, La- Accra | 0302770212/3 0302765116/7 | www.gipghana.com | info@gipghana.com",https://www.gipghana.com
Private Funds,Injaro Ghana Venture Capital Fund,"P.O. Box 7761, Cantonments | #26 Premier Place II, 22 Senchi Street, Airport Residential Area, Accra - Ghana. | 0265726414 | www.injaroinvestments.com | info@injaroinvestments.com, igvcf@injaroinvestments.com",https://www.injaroinvestments.com
Private Funds,ISF Ghana Venture Capital LTD,"P.O. Box 5997 Accra North Ghana | House No. P266 SDA Link, Kwaley Close, Papao North Legon, Accra | +233 50 211 1953 / +233 30 242 2984 | http://www.impcapadv.com/ | info@impcapadv.com",http://www.impcapadv.com/
Private Funds,Mirepa Capital SME Fund 1 Limited,"P.O. Box CT 753, Cantonments. | 56 Nii Afrotse Street Westlands - Accra | 0504441114 | www.mirepaglobal.com | info@mirepaadvisors.com",https://www.mirepaglobal.com
Private Funds,Oasis Africa VC Fund II LTD,"P.O. Box CT1169, Cantonments, Accra-Ghana | No. 4A Charlotteville, OIC road, East Legon, Accra-Ghana | 0233 302 522624, 00233 302 522623, 00233 302 522629, 00233 544 357020 | www.oasiscapitalghana.com | info@oasiscapitalghana.com",https://www.oasiscapitalghana.com	
Private Funds,Oasis Africa VC Fund Ltd,"P.O. Box CT1169, Cantonments, Accra-Ghana | No. 4A Charlotteville, OIC road, East Legon, Accra-Ghana | 00233 302 522624, 00233 302 522623, 00233 302 522629, 00233 544 357020 | www.oasiscapitalghana.com | info@oasiscapitalghana.com",https://www.oasiscapitalghana.com
Private Funds,Origen Private Debt Fund LTD,"GA-118-5893 18 Noi Fetreke Street West Kofi Annan Street, West Airport near Jack &amp; Jill, Accra. P.O. Box 14001, Accra | 18 Noi Fetreke Street West Kofi Annan Street, West Airport, Accra | 0244649191 | ashfieldinvest.com | info@ashfieldinvest.com",https://	ashfieldinvest.com
Private Funds,Wangara Green Venture Capital Co. Ltd,"P.O. Box YK 1506 Kanda - Accra | Innohub Growth Centre 6 Nii Kotey Baale Ave East Legon, Accra-Ghana | (+233)302737746 | www.wangaracapital.com | info@wangaracapital.com",https://www.wangaracapital.com
Broker Dealers,Algebra Securities Limited,"P.O.Box GP 18469, Accra | 5th Floor, Nester Square, North Liberation Link, Airport City, Accra | 233 302 778552 / 3 +233 302 778554 | algebracapital.com.gh | info@algebracapital.com.gh",https://algebracapital.com.gh
Broker Dealers,Amber Securities Limited,"PMB 45 Ministries, Accra | 2nd Floor Heritage Tower Cruickshank Road, Ridge Accra GA-077-0894 | +233 30 2679761/2 +233 059 699 4756 | amber.com.gh | securities@amber.com.gh",https://amber.com.gh
Broker Dealers,Apakan Securities Limited,"P.O.Box KN 2136 Kaneshie,Accra | The Alberts,Ground Floor,no.23 Kanda Estate | 0302936629 | securities.apakangroup.com/ | securities@apakangroup.com",https://securities.apakangroup.com/
Broker Dealers,Black Star Brokerage Limited,"PMB 59, Osu , Accra | The Rhombus , Plot 24 Tumu Avenue , Kanda Estates Accra | 0302227698/0302767688 | www.blackstaradvisors.com | info@blackstarbrokerage.com.gh",https://www.blackstaradvisors.com
Broker Dealers,Blackwood Capital Advisors Ltd,"P.O. Box AD 1288, Adabraka-Accra GA/R | 2nd Floor Gulf House, Opposite Ghana Standard Authority, Shiashie | +233(0)591126800 | www.bcagh.com | hello@bcagh.com",https://www.bcagh.com
Broker Dealers,Bullion Securities Limited,"P.O Box CT 5252, Cantonments | The Octagon Suite- B904, Barnes Road, Accra | (0544)-312462 | bullionholding.com | info@bullionholding.com",https://bullionholding.com
Broker Dealers,CDH Securities Ltd.,"P.O Box 14911 | 36 Independence Avenue, Adj. National Insurance Commission, North Ridge | 0207998163 | cdhgroup.com | cdhsecurities@cdhgroup.co",https://cdhgroup.com
Broker Dealers,Chapel Hill Denham Securities (Gh.) Limited,"PMB CT 179 | No. 2 Sithole Road, Labone | (0302)-766865 | chapelhilldenham.com | ghana.info@chapelhilldenham.com",https://chapelhilldenham.com
Broker Dealers,Constant Capital (Ghana) Limited,"PMB 171, KIA,East Legon, Accra | No. 6 Ayawaso West Wuogon, Tanbu Link, East Legon, Accra, Ghana | +233 302500386/ 0302500149/0246844626 | www.constantcap.com.gh/ | info@constantcap.com.gh",https://www.constantcap.com.gh/
Broker Dealers,Critical Ideas Limited,"P.O Box CT 3504, Cantonments, Accra | First Floor, Sedco House, Kanda Highway, North Ridge, Accra | 0244982585 | www.chippercash.com | dion@chippercash.com",https://www.chippercash.com
Broker Dealers,Databank Brokerage LTD.,"PMB, Ministries Post Office | No. 61 Barnes Rd, Adabraka | (0302)-669110/669417/662363 | databankgroup.com | info@databankgroup.com",https://databankgroup.com
Broker Dealers,Dosh Brokerage Ltd,"P.O. Box AN 10988, Accra-North | No. 10 Mireku WE Loop, Dansoman, Accra GA-504-4280 | 0800367463 | www.0800dosh.me | info@0800dosh.me",https://www.0800dosh.me
Broker Dealers,EDC Stockbrokers Limited,"P.O Box AN 16746 | No. 5 2nd Ridge Link, North Ridge | (0302)-251720 | //ecobank.com/ | esl@ecobank.com",https:////ecobank.com/
Broker Dealers,Fincap Securities Limited,"P.O. Box MP 2399, Accra- Ghana | 16 Noi Fetreke Street, Airport West, Accra | +233 208241184 +233 0208362477 | www.fincaps.net | info@fincaps.net",https://www.fincaps.net
Broker Dealers,First Atlantic Brokers Limited,"P.O Box CT. 1620, Cantonments Accra | Dr. Isert Street, North Ridge, Accra | 0302218030/0302218036 | https://fabbrokers.com.gh/ | brokers@firstatlanticbank.com.gh",https://fabbrokers.com.gh/
Broker Dealers,FirstBanc Brokerage Services Limited,"P.O Box 1464, Osu | No. 5 Nii Nortey Afriyie, Ring Way Link, Osu | (0302)-250624/250380/250636 | firstbancgroup.com | brokerage@firstbancgroup.com",https://firstbancgroup.com
Broker Dealers,GFX Brokers Limited,"P. O. Box 183 Accra North | 2nd Floor, PWC Tower, Cantonments City, Accra | 0596920995 | gfxbrokers.com | info@gfxbrokers.com",https://gfxbrokers.com
Broker Dealers,IC Securities (Ghana) Ltd.,"PMB -GPO 104, Accra | No. 2, Johnson Sirleaf Road, North Ridge | +233 (0) 308 250 051 | www.ic.africa/ | sec@ic.africa",https://www.ic.africa/
Broker Dealers,Laurus Africa Securities Limited,"P.O Box 1845, Osu Accra | No 2 Dr Isert Street North-Ridge, Accra GA-029-0014 | 0303940660/0308040110 | laurusafrica.com | info@laurusafrica.com",https://laurusafrica.com
Broker Dealers,Merban Stockbrokers Ltd,"P.O.Box CT 1317 Cantonments, Accra | 1 Abdul Diouf Rd, Accra | (0302)-251137/8 | umbcapital.com | stockbrokers@myumbbank.com",https://umbcapital.com
Broker Dealers,NTHC Securities Limited,"P.O Box KIA 9563, Airport- Accra | NTHC House,18 Gamel Nasser Avenue, Ringway Estates, Osu | (233)302223842/(233)302223849 | securities.nthc.com.gh/ | securities@nthc.com.gh",https://securities.nthc.com.gh/
Broker Dealers,One Africa Securities Ltd,"No.1 Norfo Close, North Dzorwulu, Accra - Ghana | No.1 Norfo Close, North Dzorwulu, Accra - Ghana | +233 27 781 8228 | oamarkets.com | info@oamarkets.com",https://oamarkets.com
Broker Dealers,Petra Securities Limited,"P.O Box CT 3194 Cantonments, Accra | Plot No.217 Osu Badu Street, Airport West- Dzorwulu, Accra | 0262290577/0302763908 | petrasecurities.com | info@petrasecurities.com",https://petrasecurities.com
Broker Dealers,Regulus Investment and Financial Services Ghana Limited,"P. O Box 1847, Accra | HNO.2B, Mayfair Residency, 16 Saflo, Behind Lincoln School | 0540114157/0540110130 | https://regulus.finance/ | contact@regulus.finance",https://regulus.finance/
Broker Dealers,Republic Securities (Ghana) Limited,"P.O.Box CT 4603, Cantonments | #48A sixth avenue, North Ridge, Accra | 0283094229 | republicinvestmentsgh.com | securities@republicghana.com",https://republicinvestmentsgh.com
Broker Dealers,Sarpong Capital Markets Limited,"P. O. Box CT 10881, Cantonments, Accra | 2 Almond Street and 21 Boundry Road, Christian Services, East Legon | 0540122295/0245222934/0500959197 | www.sarpongcapital.com | compliance@sarpongcapital.com",https://www.sarpongcapital.com
Broker Dealers,Savvy Securities Limited Company,"P.O.Box 9967, K.I.A. Accra | House Number 1, 1st Norla Link, Near Labone Police Station, Labone, Accra | 0302200748 | savvysecurities.com/ | info@savvysecurities.com",https://savvysecurities.com/
Broker Dealers,SBG Securities (Gh) Limited,"P.O Box CT 2344, Cantonments | Plot 215, Stanbic Heights South Liberation Link, Airport City | (0302)-815789 | www.sbgsecurities.com.gh | stanbicgh@stanbic.com",https://www.sbgsecurities.com.gh
Broker Dealers,Serengeti Capital Markets Limited,"P.O BOX CT 2868, Cantonmants Accra | 2nd Floor, Heritage Towers Ambassadorial Enclave | (0302)-660163/676979/676980 | serengeticapital.com/brokerage/ | service@newworldgh.com",https://serengeticapital.com/brokerage/
Broker Dealers,SIC Brokerage Limited,"PMB CT 314, Cantonments - Accra, Ghana | No. 28/29, Nyametei House Ring Road East | 0302 940056 | sicbrokerage.com | trader@sicbrokerage.com",https://sicbrokerage.com
Broker Dealers,Strategic African Securities Limited,"P.O Box 16446 Accra | 14th Floor, World Trade Centre, Independence Avenue | (0302)-251546-9 /7011770 | sasghana.com | sasltd@africaonline.com.gh",https://sasghana.com
Broker Dealers,Teak Tree Brokerage Limited,"P.O.Box 5879 Accra- North | Nyaniba Estate, House number F380/4 Osu Crescent. GPS address GL-030-1368 | (0302)-978838/9 | ttbghana.com | info@ttbghana.com",https://ttbghana.com
Broker Dealers,Wallstreet Brokerage Ltd,"P.O Box 1495, Accra | W1 Manet Ville Estate, Okpoi Gonno, Airport East, Accra | 0303963009 | www.wallstreetbrokeragegh.com | info@wallstreetbrokeragegh.com",https://www.wallstreetbrokeragegh.com
Broker Dealers,Worldwide Securities Limited,"P.O Box OS 01017, Osu | No. 8 Ring Way Link | (0302)-764578/256001 | worldwidesecurities-gh.com | info@worldwidesecurities-gh.com",https://worldwidesecurities-gh.com
Investment Advisory,Axis Wealth Management Limited,"P. O Box AT 672, Achimota, Accra | 4 Ibadan Avenue, East Legon, Accra | 0207035389 / 030543314/0243383850 | http://axiswealthmgt.com | info@axiswealthmgt.com",http://axiswealthmgt.com
Investment Advisory,DeVere Ghana Limited,"3rd Floor, City Galleria Shopping Center, Spintex Road Accra | 3rd Floor, City Galleria Shopping Center, Spintex Road Accra | (0302)-676463-4 / 664107 | www.devere-group.com | accra@devere-group.com",https://www.devere-group.com
Investment Advisory,Impact Capital Advisors Limited,"P.O.Box 5997, Accra North | House No. P266, S.D.A. Link Papao,North Legon | 0502111953/ 0245070393 | http://www.impcapadv.com/ | info@impcaadv.com",http://www.impcapadv.com/
Investment Advisory,JCS Investment Limited,"P.O.Box 30710,KIA- Accra Ghana | Plot No. 9, Martey Tsuru, Spintex Road- Accra | 0302 960 550/0554 458 971 | www.jcs.com.gh | info@jcs.com.gh",https://www.jcs.com.gh
Investment Advisory,Oasis Capital Ghana Limited,"P.O.Box CT 1169, Cantonments Accra | No. 4A Charlotteville OIC Road Shiashi, East Legon | 0302522624/0302544011 | www.oasiscapitalghana.com | info@oasiscapitalghana.com",https://www.oasiscapitalghana.com
Investment Advisory,Savannah Impact Advisory Limited,"P.O Box CT 6938, Cantonments-Accra, Ghana | No.12 Agbani Street, Kokomlemle-Accra | 0550071562/0302253951 | www.siaghana.com | info@siaghana.com",https://www.siaghana.com
Investment Advisory,Sentinel Global Advisers Ghana Limited,"PMT CT 188 Cantonments, Accra | H/No.1A Alema Avenue Accra | +233(0) 55 753 4976 | www.sentinelglobal.com | info@sentinelglobal.com",https://www.sentinelglobal.com
Investment Advisory,Standard Chartered Wealth Management Limited,"P.O Box 768, Accra | Fourth Floor, Opeibea House Building Liberation Road Airport, Accra | 0276502513 | www.scwealthmanagementgh.com | info@scwealthmanagementgh.com",https://www.scwealthmanagementgh.com
Investment Advisory,Zinari Capital Limited,"P.O Box 62, Teshie-Nungua, Accra | 10 Abafum Cresent, Labone, Accra | 0244230162 | Zinaricapital.com | info@zinaricapital.com",https://Zinaricapital.com
Crowdfunding Platforms,Grow For Me Limited,"P.o.Box LG 396, Legon, Accra | Agbogba Avenue, Haatso, Greater Accra, Ghana. GM -049-2052 | 0242561793/0504561793 | www.growforme.com | nana@growforme.com",https://www.growforme.com
Crowdfunding Platforms,Obotan Limited,"Mahama Road, Tse-Addo, Roundabout, Accra, Ghana | Mahama Road, Tse-Addo, Roundabout, Accra, Ghana | 0552708020/0248877683 | www.obotanplc.com | obotanco@gmail.com",https://www.obotanplc.com
Crowdfunding Platforms,Propartners Exchange Limited,"J 202 A/6 Venees House, Kpakpo Wulu Nungua, Accra -GZ-024-5755 | Nungua | 0208230043 | www.propartners54.com | info@propartners.com.gh",https://www.propartners54.com
Crowdfunding Platforms,Regulus Investment and Financial Services Gh Ltd,"P.o.Box, AH 1240, Achimota, C133/21 Saflo Street Abelemkpe, Accra, Ghana. | HNo 2B Mayfair Residency, 16 Saflo Behind Lincoln School. | 0554344493/0501089833 | www.venture.regulus.finance.com | contact@regulus.finance",https://www.venture.regulus.finance.com
Crowdfunding Intermediaries,Grow For Me Limited,"P.o.Box LG 396, Legon, Accra | Agbogba Avenue, Haatso, Greater Accra, Ghana. GM -049-2052 | 0242561793 | www.growforme.com | nana@growforme.com",https://www.growforme.com
Crowdfunding Intermediaries,Obotan Limited,"Mahama Road, Tse-Addo, Roundabout, Accra, Ghana | Mahama Road, Tse-Addo, Roundabout, Accra, Ghana | 0552708020/0248877683 | www.obotanplc.com | obotanco@gmail.com",https://www.obotanplc.com
Crowdfunding Intermediaries,Propartners Exchange Limited,"J 202 A/6 Venees House, Kpakpo Wulu Nungua, Accra -GZ-024-5755 | Nungua | 0208230043 | www.propartners54.com | info@propartners.com.gh",https://www.propartners54.com
Crowdfunding Intermediaries,Regulus Investment and Financial Services Gh Ltd,"P.o.Box, AH 1240, Achimota, C133/21 Saflo Street Abelemkpe, Accra, Ghana. | HNo 2B Mayfair Residency, 16 Saflo Behind Lincoln School. | 0554344493/0501089833 | www.venture.regulus.finance.com | contact@regulus.finance",https://www.venture.regulus.finance.com
Primary Dealers,Absa Bank Ghana Limited,"P.O Box GP 2949 | Head Office,Executive floor, High Street | +233302662472 | www.gh.absa.africa | ghanasecurities@barclays.com",https://www.gh.absa.africa
Primary Dealers,ARB Apex Bank Limited,"P.O Box GP 20321 | No. 5, 9th Road, Gamel Abdul Naser Avenue, South Ridge | (0302)-772260 | www.arbapexbank.com | apex@arbapexbank.com",https://www.arbapexbank.com
Primary Dealers,CAL Bank Limited,P.O Box 14596 | 23 Independence Avenue | (0302)-680061 | www.calbank.net | calbank@calbank.net,https://www.calbank.net
Primary Dealers,Consolidated Bank Ghana Limited,"P.O. Box PMB CT 363, cantonment Accra | 1st Floor, Manet Tower, 3 Airport City, Accra | 0302634240 | cbg.com.gh | info@cbg.com.gh",https://cbg.com.gh
Primary Dealers,Ecobank Ghana Limited,"P. O. Box AN 16746 Accra Ghana | 19, Seventh Avenue, Ridge West | (0302)-680421 | www.ecobank.com | allebg-treasury@ecobank.com",https://www.ecobank.com
Primary Dealers,Fidelity Bank Ghana Limited,PMB 43 | Ridge Towers | (0302)-214490 | www.fidelitybank.com.gh | fbglcustody@myfidelitybank.net,https://www.fidelitybank.com.gh
Primary Dealers,GCB Bank Ltd,"P.O Box 134 | Commercial Bank Building, Thorpe Road, High Street | (0302)-672852 | www.gcb.com.gh | shares@gcb.com.gh",https://www.gcb.com.gh
Primary Dealers,Soceite Generale Ghana Limited,"P.O. Box 13119 Accra, Ghana | 2nd Crescent, Royal Castle RD, Ring Road Central, Kokomlemle | (0302)-202001 | www.societegenerale.com.gh | sg-ssb.info@socgen.com",https://www.societegenerale.com.gh
Primary Dealers,Stanbic Bank Ghana Limited,"P.O Box CT 2344, Cantonments | Valco Trust Towers, Castle Road, Ridge West | (0302)-687670 - 8 | www.stanbic.com.gh | stanbicghana@stanbic.com.gh",https://www.stanbic.com.gh
Primary Dealers,Standard Chartered Bank Ghana Ltd.,"P.O Box 768 | Head Office, High Street Building | (0302)-664591 | www.standardchartered.com | Premierservice.gh@sc.com",https://www.standardchartered.com
Issuing Houses,Absa Bank Ghana Limited,"P. O. Box GP 2949 | Absa House, J.E. Atta-Mills High Street Accra, Greater Accra Region | 0302429150/0302675285 | www.absa.com.gh | service.excellence.GH@absa.africa",https://www.absa.com.gh
Issuing Houses,Algebra Securities Limited,"P.o.Box GP 18469, Accra Ghana | 5th Floor Nester Square, North Liberation Link Airport City | 0302-778552 | algebrasecurities.com.gh | info@algebracapital.com",https://algebrasecurities.com.gh
Issuing Houses,Amber Securities Ltd,"P.o.Box PMB 45 Accra, Ghana | 2nd Floor Heritage Tower Ridge | 0302679761 | amber.com.gh | securities@amber.com.gh",https://amber.com.gh
Issuing Houses,Black Star Brokerage Limited,"PMB 59, Osu | The Rhombus, Plot No. 24 24 Tumu Avenue, Kanda Estates Accra, Ghana | +233 302 227 698 | www.blackstarbrokerage.com.gh | bright.asarebediako@blackstarbrokerage.com.gh",https://www.blackstarbrokerage.com.gh
Issuing Houses,CALBANK PLC,"23 Independence Avenue, Accra P. O. Box 14596 Accra - Ghana | Independence Avenue, Accra | 0302680061 / 0302680069 | cpfd@calbank.net",
Issuing Houses,Chapel Hill Denham Securities (Ghana) Limited,"Suite 2, Labone Office Park, N. Sithole | Labone | 0302766865 | www.chapelhilldenham.com | ghana.info@chapelhilldenham.com",https://www.chapelhilldenham.com
Issuing Houses,Consolidated Bank Ghana Limited,"First Floor, Manet Towers Plot 27, Liberation Link, Accra PMB CT 363, Accra | First Floor, Manet Towers Plot 27, Liberation Link, Accra PMB CT 363, Accra | 0302216000 | www.cbg.com.gh | talktous@cbg.com.gh",https://www.cbg.com.gh
Issuing Houses,Databank Brokerage limited,"PMB, Ministries Accra | No.61 Barnes Road Adabraka Accra | 0302 610610 | www.databankgroup.com | info@databankgroup.com",https://www.databankgroup.com
Issuing Houses,EDC Stockbrokers Ltd,"2nd Morocco lane off independence Avenue. | 2nd Floor Ecobank Head Office, Accra, Ghana. | 0302634165 | www.ecobank.com | esl@ecobank.com",https://www.ecobank.com
Issuing Houses,Fidelity Bank Ghana limited,"PMB 43 Cantonments, Accra, Ghana | Ridge Tower - Ridge, ACCRA GHANA | 0302214490 | www.fidelitybank.com.gh | wecare@myfidelitybank.net",https://www.fidelitybank.com.gh
Issuing Houses,Fincap Securities Ltd,"P.o.Box MP 2399 Mamprobi Accra. | The Investment House 18, No 1 Fetreke Street, Airport West Accra. | 0208241184/0244884884 | www.fincaps.net | info@fincaps.net",https://www.fincaps.net
Issuing Houses,First Atlantic Bank Ghana Limited,"Atlantic Place No. 1 Seventh Avenue, Ridge West, Accra. P. O. Box CT 1620 Cantonments Accra | Atlantic Place No. 1 Seventh Avenue, Ridge West, Accra | 0302682203 | www.firstatlanticbank.com.gh | info@firstatlanticbank.com.gh",https://www.firstatlanticbank.com.gh
Issuing Houses,First National Bank Ghana Ltd,"P. O. Box TU 23 Accra, Ghana | 6th Floor, Accra Financial Centre, Corner of Independence Avenue &amp; Liberia Road | 0242435050 | www.firstnationalbank.com.gh | info@firstnationalbank.com.gh",https://www.firstnationalbank.com.gh
Issuing Houses,GCB Bank Plc,"P.O. Box 134, ACCRA GHANA | Head Office, No. 2 Thorpe Road | 0302668656 | www.gcbbank.com.gh | shares@gcb.com.gh",https://www.gcbbank.com.gh
Issuing Houses,GCB Capital Ltd,"P. O. Box 134, Accra, Ghana | 49 Ndabaningi Sithole Rd Labone, Accra | 0302667171/ 0302663964 | https://www.gcbcapital.com.gh/contact-us/ | gclfunds@gcb.com.gh / gcl-ops@gcb.com.gh",https://www.gcbcapital.com.gh/contact-us/
Issuing Houses,IC Securities limited,"NO. 2, 2nd Ridge Link, North Ridge, Accra, Ghana | North Ridge | 030252621 | www.icsecurities.com | icsecurities@icsecurities.com",https://www.icsecurities.com
Issuing Houses,Investment Securities Practice Ltd,"P.o.Box, AF 2633, Adenta | H/N 5 Near Fiesta Royale Hotel, Dzorwulu | 0248547667/0202926229 | admin@investsecurities.net",
Issuing Houses,Laurus Africa Securities Ltd,"P.o. Box 1845, Osu, Accra | No.2, Dr. Isert Street, North Ridge, Accra | 0244459274/0244131272 | www.laurusafrica.com | info@laurusafrica.com",https://www.laurusafrica.com
Issuing Houses,Republic Investments (Ghana) Ltd,"P.o.Box CT 4603 Cantonments, Accra | Head Office, North Ridge, Accra | 0303944330 | www.republicinvestmentsgh.com | investments@republicghana.com",https://www.republicinvestmentsgh.com
Issuing Houses,Sarpong Capital Markets LTD,P.O.Box CT 10881 Cantonments Accra | 2nd Almond Avenue &amp; 21 Boundary Road East Legon | 0540122295 | www.sarpongcapital.com | compliance@sarpongcapital.com,https://www.sarpongcapital.com
Issuing Houses,Sentinel Global Advisers Ltd,"PMB CT 188 Cantonments Ghana | H/No.1A, Alema Avenue, Adjacent Meridian Apartments, Airport Residential Area | +233 256573133 | https://sentinelglobal.com/ | info@sentinelglobal.com",https:// https://sentinelglobal.com/ 
Issuing Houses,Stanbic Bank Ghana Limited,"P.O Box CT 2344, Cantonments | Valco Trust Towers, Castle Road, Ridge West | (0302)-687670 - 8 | www.stanbic.com.gh | stanbicghana@stanbic.com.gh",https://www.stanbic.com.gh
Issuing Houses,Standard Chartered Bank Ghana Plc.,"P.O Box 768 | Head Office, High Street | &quot;+233 302633427 +233 302633428 +233 302633429&quot; | www.sc.com/gh | Premierservice.gh@sc.com",https://www.sc.com/gh
Issuing Houses,Strategic African Securities Ltd,"14th Floor, World Trade Centre, Independence Avenue. P.o.Box KA 16446, Accra Ghana. | 14th Floor, World Trade Center Building, Independence Avenue | 0302661772 | www.sasghana.com | info@sasghana.com",https://www.sasghana.com
Issuing Houses,Teak Tree Brokerage Ltd,"P.o.Box AN 5879, Accra- Ghana | F380/4 Osu La Crescent, Nyaniba Estate, Osu Accra. | 0302978838/ 0501681675 | www.ttbghana.com | info@ttbghana.com",https://www.ttbghana.com
Issuing Houses,Temple Investments limited,"P.O.Box CT 9828 Cantonment | F180/6, 3rd Labone link labone,Accra | 0303 931514 | www.templeinvestment.com | info@templeinvestment.com",https://www.templeinvestment.com
Custodians,ABSA Bank Ghana LTD,"P.O. BOX GP 2429 Okaishie - Accra | Plot No 79,ABSA House,Prof Atta Mills High Street, Provost Laing Lane GA-226-9244 | 0302 664 004/ 0302 662 009 | www.absa.com.gh | service.excellence.GH@absa.africa",https://www.absa.com.gh
Custodians,Access Bank (Ghana) Plc,"P.O Box GP 353 | Starlets &#039;91 Road, Opp. Accra Sports Stadium | (0)302 661613, (0)302 661624 | www.ghana.accessbankplc.com | info_gh@accessbankplc.com",https://www.ghana.accessbankplc.com
Custodians,Agricultural Development Bank PLC,"P.O Box 4191 Ridge | Accra Financial Centre, 3rd Ambassodorial Development Area, Ridge - Accra | 0552569491 / 0552569487 | agricbank.com | customercare@agricbank.com",https://agricbank.com
Custodians,CalBank Plc,"P.O Box 14596, Accra | No. 23 Independence Avenue, Accra | 0302661260 | calbank.net | custodyservices@calbank.net",https://calbank.net
Custodians,Consolidated Bank Ghana LTD,"PMB CT 363 Cantonments Accra | South Liberation Link, Manet Tower 3, Airport City - Accra | 03002216000 | cbg.com.gh | talktous@cbg.com.gh",https://cbg.com.gh
Custodians,Ecobank Ghana Plc,"PMB, General Post Office Accra Ghana | 2 Morocco Lane, Off Independence Avenue, Ministerial Area | 0302610400/0302674762 | ecobank.com | custody@ecobank.com",https://ecobank.com
Custodians,Fidelity Bank Ghana LTD,"PMB 43 Cantonments | 1st Floor, Ridge Tower, 10 Ambassadorial Enclave, West Ridge - Accra | 0302819283 | fidelitybank.com.gh | fbglcustody@myfidelitybank.net",https://fidelitybank.com.gh
Custodians,First Atlantic Bank Limited,"P.O.Box CT 1620, Cantonments | Atlantic Place # 1 Seventh Avenue, Ridge-West | 0302 680825 / 0302 682203 | firstatlanticbank.com.gh | custody@firstatlanticbank.com.gh",https://firstatlanticbank.com.gh
Custodians,First National Bank Ghana LTD,"P.O.Box TU 23, Accra | 6th Floor Accra Financial Centre CNR Liberia and Independence Accra | 0502062945 | www.firstnationalbank.com.gh | custody@firstnationalbank.com.gh",https://www.firstnationalbank.com.gh
Custodians,GCB Bank Plc,"P. O. Box 134, Accra | GCB Building, No. 2 Thorpe Road, High Street, Accra | 0302662337 | gcbbank.com.gh | custodyservices@gcb.com.gh",https://gcbbank.com.gh
Custodians,Guaranty Trust Bank (Ghana) LTD,"PMB CT 416, Cantonments, Accra | 25A Castle Road, Ambassadorial Area, Ridge - Accra | 0302611560/ 0302680662 | gtbghana.com | gh.custody@gtbank.com",https://gtbghana.com
Custodians,OmniBSIC Bank Ghana Ltd.,"PMB CT 212 CANTONMENTS, ACCRA | PLOT NUMBER 16, ATLANTIC TOWER, AIRPORT CITY, LIBERIA ROAD | 0307-086000/0302-758555 | www.omnibsic.com.gh | info@omnibsic.com.gh",https://www.omnibsic.com.gh
Custodians,Prudential Bank Limited,"PMB GPO, Accra | #8 John Harmond Street, Ring Road Central, Accra | 0302781200-6 | www.prudentialbank.com.gh | treasury@prudentialbank.com.gh",https://www.prudentialbank.com.gh
Custodians,Republic Bank (Ghana) PLC,"P.O. Box CT 4603, Cantonments | Ebankese 6th Avenue, North Ridge, Accra | 0302224209/0302429555/0303931530 | www.republicghana.com | custodyservices@republicghana.com",https://www.republicghana.com
Custodians,Societe Generale Ghana PLC,"P.O Box 13119, Accra | 2nd Crescent, Royal Castle Road, Ring Road Central, Kokomlemle | 0302-208600/ 0302 202001/0302214314 | societegenerale.com.gh | info.sgghana@socgen.com",https://societegenerale.com.gh
Custodians,Stanbic Bank Ghana LTD,"P.O Box CT 2344, Cantonments | Stanbic Heights, 215 North Liberation Link, Airport City - Accra, Ghana | 0302610690 | www.stanbicbank.com.gh | custodyghana@stanbic.com.gh",https://www.stanbicbank.com.gh
Custodians,Standard Chartered Bank Ghana Plc,"P.O Box 768, Accra | 87 Independence Avenue, Ridge Accra | 0302610750 | www.sc.com/gh/ | feedback.ghana@sc.com; Premierservice.gh@sc.com",https://www.sc.com/gh/
Custodians,Universal Merchant Bank Limited,"P.O Box 401, Accra | SSNIT Emporium, Airport City | 0302666331 | myumbbank.com | custody@myumbbank.com",https://myumbbank.com
Custodians,Zenith Bank (Ghana) LTD,"P.M.B CT 393, Accra | Zenith Heights, 31 Independence Avenue, Accra | 0302429700 / 0302611500 | zenithbank.com.gh | custodianservices@zenithbank.com.gh",https://zenithbank.com.gh
Trustees,CalBank Plc,"P.O Box 14596, Accra | No. 23 Independence Avenue, Accra | 0302661260 | calbank.net | custodyservices@calbank.net",https://calbank.net
Trustees,Consolidated Bank Ghana LTD,"PMB CT 363 Cantonments Accra | South Liberation Link, Manet Tower 3, Airport City - Accra | 03002216000 | cbg.com.gh | talktous@cbg.com.gh",https://cbg.com.gh
Trustees,Fidelity Bank Ghana LTD,"PMB 43 Cantonments | 1st Floor, Ridge Tower, 10 Ambassadorial Enclave, West Ridge - Accra | 0302819283 | fidelitybank.com.gh | fbglcustody@myfidelitybank.net",https://fidelitybank.com.gh
Trustees,GCB Bank Plc,"P. O. Box 134, Accra | CB Building, Thorpe Road, High Street | 0302662337 | gcbbank.com.gh | custodyservices@gcb.com.gh",https://gcbbank.com.gh
Trustees,Guaranty Trust Bank (Ghana) LTD,"P. O Box CT416 Cantonments Accra | 25A Castle Road, Ambassadorial Area, Ridge - Accra | 0302611560/ 0302680662 | gtbghana.com | gh.custody@gtbank.com",https://gtbghana.com
Trustees,Prudential Bank Limited,"PMB General Post Office | #8 John Harmond Street, Ring Road Central, Accra | 0302781200-6 | www.prudentialbank.com.gh | treasury@prudentialbank.com.gh",https://www.prudentialbank.com.gh
Trustees,Standard Chartered Bank Plc,"P.O. Box 768 Accra | 87 Independence Avenue, Ridge Accra | 0302610750 | www.sc.com/gh | feedback.ghana@sc.com; Premierservice.gh@sc.com",https://www.sc.com/gh
Trustees,Universal Merchant Bank Limited,"P.O Box 401, Accra | SSNIT Emporium, Airport City | 0302666331 | myumbbank.com | custody@myumbbank.com",https://myumbbank.com
Registrars,Central Securities Depository (Ghana) Limited,"PMB CT 465. Accra | 4th Floor Cedi House, Accra Ghana. | 0302 689313/0302 689314 | www.csd.com.gh | info@csd.com.gh",https://www.csd.com.gh
Registrars,GCB Bank Limited,"Head Office, No. 2 Thorpe Road P. O. Box 134, Accra - Ghana | No. 2 Thorpe Road Accra | +233-302-668656 | www.gcbbank.com.gh | shares@gcb.com,gh",https://www.gcbbank.com.gh
Registrars,NTHC Limited,"P.O Box KIA 9563, Airport | Martco House 1st Floor Okai Mensah Link | 0302238492 | www.nthc.com.gh | info@nthc.com.gh",https://www.nthc.com.gh
Registrars,UMB Ghana Limited,P.O Box 401 | SSNIT Emporium Airport City | 0302667305 | www.myumbbank.com | registrar.services@myumbbank.com,https://www.myumbbank.com
Depositories,Central Securities Depository,"Central Securities Depository 4th Floor, Cedi House, Accra | 4th Floor, Cedi House | 0302689313/0302689314 | www.csd.com.gh | info@csd.com.gh",https://www.csd.com.gh
Securities Exchanges,Ghana Commodity Exchange,"P.O. Box CNT 8720 Ghana - West Africa | 2nd Floor - Africa Trade House, Corner of Cruickshank, Liberia Road Ridge, Accra Ghana - West Africa Digital Address : GA-077-0681 | 0302690670/0302690674/0302690675 | www.gcx.com.gh | contact@gcx.com.gh",https://www.gcx.com.gh
Securities Exchanges,Ghana Stock Exchange,"Ghana Stock Exchange 5th Floor, Cedi House,Liberia Avenue P.O. Box GP 1849, Accra | 5th &amp; 6th Floors, Cedi House, Liberia Road Accra | (+233) 302-669-908 (+233) 302-669-914 | www.gse.com.gh | info@gse.com.gh",https://www.gse.com.gh
